motif,temperature,diffusion,tof,size,states,residual,oxygen_balance_error,sulfur_balance_error,oxygen_coverage,sulfate_coverage,bare_coverage
single,673,0.0,0.0,1,2,2.0447286008676005e-12,0.0,0.0,0.0,0.0,0.0
pair,673,0.0,0.0,2,5,7.303199436981232e-12,-1.8509499488672532e-14,-6.4016292267154995e-12,0.9999949602084752,0.0,0.0
path3,673,0.0,0.10128872305642152,3,43,8.025329424794457e-11,-6.7057470687359455e-12,4.131117670169715e-11,0.999943020110995,0.0,0.0
triangle,673,0.0,0.2882468096544846,3,60,1.2236578520805242e-10,-4.438893697056301e-12,6.996669910108722e-11,0.999891224227577,0.0,0.0
path4,673,0.0,0.12210942653528926,4,212,6.000334695953489e-11,3.52063933561908e-11,-6.175920885809205e-11,0.999938299767969,0.0,0.0
star4,673,0.0,0.8170180434380874,4,211,6.578547491885033e-11,1.901456769815013e-11,2.9116264954609505e-11,0.9996056988737717,0.0,0.0
square,673,0.0,0.22743307076694935,4,225,2.6303715250546627e-11,-8.052336575303798e-12,-5.033728989189967e-11,0.9999137153756346,0.0,0.0
path5,673,0.0,0.4563434653790205,5,931,5.982263835294486e-10,3.711253526716973e-11,-3.9828318421086806e-10,0.9997959729248628,0.0,0.0
square_tail,673,0.0,1.0687141923464611,5,956,2.0178745917559307e-10,-1.0471623568264476e-10,-5.086597809622617e-11,0.9996058694345157,0.0,0.0
rectangle6,673,0.0,1.9950847011102673,6,3991,1.518160068682012e-09,-4.7135628733485646e-11,8.302230014578527e-10,0.9993599377087251,0.0,0.0
single,673,100.0,0.0,1,2,2.0447286008676005e-12,0.0,0.0,0.0,0.0,0.0
pair,673,100.0,0.0,2,5,7.303189186739349e-12,-1.8506030041720578e-14,-6.401490448837421e-12,0.9999949602084752,0.0,0.0
path3,673,100.0,0.10192810446641855,3,59,6.99244206697003e-11,1.492911350098325e-11,1.2109258040737814e-11,0.9999427155036823,0.0,0.0
triangle,673,100.0,0.28824680965074284,3,60,1.0971825007655586e-10,5.146882919859763e-12,9.576450743509213e-11,0.9998912242275775,0.0,0.0
path4,673,100.0,0.12322864503987976,4,248,1.5355560785703623e-11,1.5360157590293966e-11,1.3444190205547102e-11,0.9999377983172104,0.0,0.0
star4,673,100.0,0.7964146702949151,4,247,2.0524212861190646e-11,2.2600588067689387e-11,3.516475999276736e-11,0.9996158732818524,0.0,0.0
square,673,100.0,0.2295219046168005,4,249,3.874362406723694e-10,9.422906899203554e-12,3.4899838574631303e-10,0.9999129649068191,0.0,0.0
path5,673,100.0,0.46160834900067355,5,1011,4.4249311263990975e-11,6.717959522006822e-11,-5.064837438339964e-12,0.9997937069079047,0.0,0.0
square_tail,673,100.0,1.0818388065702247,5,1012,3.523454908204128e-11,-1.3219647598816664e-11,-4.444711265705337e-11,0.9996011943487095,0.0,0.0
rectangle6,673,100.0,2.030302316615087,6,4079,1.014402130748271e-09,-2.700915047171293e-10,5.810214531720703e-10,0.9993487709090777,0.0,0.0
single,673,10000.0,0.0,1,2,2.0447286008676005e-12,0.0,0.0,0.0,0.0,0.0
pair,673,10000.0,0.0,2,5,4.360507554196318e-12,-8.654882366343486e-14,-3.776617907291779e-12,0.9999949602084752,0.0,0.0
path3,673,10000.0,0.1379651877973537,3,59,7.836643677722879e-11,-7.68962671315876e-12,-7.631983933720221e-11,0.9999252262447825,0.0,0.0
triangle,673,10000.0,0.28824680965152183,3,60,2.744380744560871e-11,3.172462292866385e-12,5.844214001626824e-12,0.9998912242275771,0.0,0.0
path4,673,10000.0,0.19118188420443266,4,248,2.2058763285553024e-12,-1.7177370637000422e-12,-3.6347591603203e-12,0.9999073607190637,0.0,0.0
star4,673,10000.0,0.41048156498789723,4,247,1.1402992048660043e-09,-1.2476242261527659e-11,-1.0700866859281177e-09,0.9998055757113864,0.0,0.0
square,673,10000.0,0.32795070176634245,4,249,7.487511915201807e-10,1.7032375509984377e-11,-6.308900069029733e-10,0.9998777995686743,0.0,0.0
path5,673,10000.0,0.8491618710855751,5,1011,2.9340489737593195e-10,-6.128431095930864e-13,-2.725020209481954e-10,0.9996271277354327,0.0,0.0
square_tail,673,10000.0,1.7717397351816921,5,1012,2.790860343779804e-10,2.950528710243816e-12,2.2874857563692785e-10,0.999356983374539,0.0,0.0
rectangle6,673,10000.0,4.03126877897864,6,4079,2.6608628827666527e-09,-5.81579229219642e-11,2.110358110485322e-09,0.9987183510179715,0.0,0.0
single,673,1000000.0,0.0,1,2,2.0447286008676005e-12,0.0,0.0,0.0,0.0,0.0
pair,673,1000000.0,0.0,2,5,4.19816692714398e-12,-8.444633881055097e-14,-4.739514336549178e-12,0.9999949602084752,0.0,0.0
path3,673,1000000.0,0.19085746076618396,3,59,2.7879414294585582e-11,-2.3848700791972988e-12,-2.77372569357226e-11,0.9998996804208189,0.0,0.0
triangle,673,1000000.0,0.2882468096505525,3,60,3.453466626934068e-11,5.6135096571097165e-12,3.507916179756876e-11,0.9998912242275774,0.0,0.0
path4,673,1000000.0,0.32139774097140017,4,248,1.6598141580382345e-11,-1.4939605108565956e-11,-2.1668888905423955e-11,0.9998506795090426,0.0,0.0
star4,673,1000000.0,0.33330915267136235,4,247,1.1498255311530055e-09,-1.0899947611164862e-11,-1.0879264156216095e-09,0.9998457515843172,0.0,0.0
square,673,1000000.0,0.41852173411704974,4,249,1.462190003233816e-10,3.674349713378433e-11,1.6834489358075189e-10,0.9998465006443328,0.0,0.0
path5,673,1000000.0,2.144528010539583,5,1011,5.153649722790374e-10,8.548184382561885e-11,-4.1526604377395415e-10,0.9990859764559935,0.0,0.0
square_tail,673,1000000.0,2.686302369005504,5,1012,6.499605482841535e-11,2.8279600883251987e-12,9.800871225706942e-11,0.9990471530177852,0.0,0.0
rectangle6,673,1000000.0,6.722044353876053,6,4079,1.6073472792419937e-09,-6.764366844436154e-11,-1.46977896520184e-09,0.99790179506252,0.0,0.0
single,745,0.0,0.0,1,2,3.960490800060306e-12,0.0,7.275957614183426e-12,0.0,0.0,0.0
pair,745,0.0,0.0,2,5,1.1111961168970231e-11,-1.6282530879152546e-12,-1.993516463016931e-11,0.9999251595521872,0.0,0.0
path3,745,0.0,1.2285722946400062,3,43,6.354690683018654e-11,-1.7332801860447944e-12,-5.939337910376707e-11,0.9995965950866845,0.0,0.0
triangle,745,0.0,3.6428647083421555,3,60,1.795756073036504e-11,-1.658762016631954e-11,-4.444977719231247e-11,0.9992457447917605,0.0,0.0
path4,745,0.0,1.8550498354100446,4,212,9.684731808269314e-11,-1.0519407567244343e-10,-1.176614361497741e-10,0.9994847353720568,0.0,0.0
star4,745,0.0,5.448093691990657,4,211,5.214447478158099e-11,-3.96980226469168e-11,-5.469757979881251e-11,0.9986069318507657,0.0,0.0
square,745,0.0,3.499681476718752,4,225,2.514013383622038e-10,-2.468603099714528e-11,4.4426684553400264e-12,0.9992878084810533,0.0,0.0
path5,745,0.0,3.9342471116715467,5,931,5.915702997479704e-09,1.5426948607455415e-10,-3.3499958362881443e-09,0.9990487674490947,0.0,0.0
square_tail,745,0.0,8.648475704353025,5,956,1.8944467737343235e-09,-3.985221042057674e-10,-2.9246649546621484e-10,0.9983376270621335,0.0,0.0
rectangle6,745,0.0,16.530257419539645,6,3991,2.490945998031548e-09,7.65680852055084e-11,1.5474341807930614e-09,0.9972965458450179,0.0,0.0
single,745,100.0,0.0,1,2,3.960490800060306e-12,0.0,7.275957614183426e-12,0.0,0.0,0.0
pair,745,100.0,0.0,2,5,1.1112072191272694e-11,-1.6282530879152546e-12,-1.397237880951252e-11,0.9999251595521872,0.0,0.0
path3,745,100.0,1.238855986752429,3,59,3.888043048927562e-11,2.5428548156014585e-12,3.551470229012921e-11,0.999593807350304,0.0,0.0
triangle,745,100.0,3.642864708336545,3,60,1.7109464728355584e-11,2.3945290195115376e-12,-1.6139978242790676e-11,0.9992457447917605,0.0,0.0
path4,745,100.0,1.871145520904747,4,248,1.8095180547716617e-10,1.80926384985014e-10,1.4222134581132195e-10,0.9994807741477116,0.0,0.0
star4,745,100.0,5.461177760653879,4,247,4.449577094656852e-09,3.1367619612865383e-10,-3.729383024619892e-09,0.9986036378954494,0.0,0.0
square,745,100.0,3.5296210046471357,4,249,3.3670613902005553e-09,-1.659437032230926e-10,-3.0215012714052136e-09,0.9992821951595307,0.0,0.0
path5,745,100.0,3.982025506274502,5,1011,3.282673567538567e-09,1.0629719326971099e-10,-2.7364492893866554e-09,0.9990378117981168,0.0,0.0
square_tail,745,100.0,8.75551994983877,5,1012,5.140626912633815e-10,2.2377122377292835e-10,8.692779829289066e-11,0.9983176141233384,0.0,0.0
rectangle6,745,100.0,16.78028968714666,6,4079,2.482708985218191e-09,-9.791847332962789e-10,-1.3521628261514707e-09,0.9972561254970199,0.0,0.0
single,745,10000.0,0.0,1,2,3.960490800060306e-12,0.0,7.275957614183426e-12,0.0,0.0,0.0
pair,745,10000.0,0.0,2,5,1.3501814078981834e-12,-7.087663789206999e-13,-1.184385922670117e-12,0.9999251595521871,0.0,0.0
path3,745,10000.0,1.7912578397619752,3,59,7.951820986503479e-12,3.873346088312246e-12,1.283328998624711e-11,0.9994435820990961,0.0,0.0
triangle,745,10000.0,3.642864708336982,3,60,3.394419103398565e-11,1.978861519091879e-12,-3.183941998941009e-11,0.9992457447917604,0.0,0.0
path4,745,10000.0,2.8575855455696324,4,248,1.5078624870442916e-10,-1.410942473967225e-10,-1.7978507571569935e-10,0.999239063296977,0.0,0.0
star4,745,10000.0,5.321114507771016,4,247,3.0698057176629444e-09,7.347722430495196e-11,2.853955294312982e-09,0.9986331235482785,0.0,0.0
square,745,10000.0,4.936642235798363,4,249,3.5854226265707376e-09,-6.094325044614379e-10,-3.647983248811215e-09,0.9990187385822275,0.0,0.0
path5,745,10000.0,7.34179286160834,5,1011,3.122482763475016e-09,-3.944222726204316e-11,-2.5091821953537874e-09,0.9982671112890242,0.0,0.0
square_tail,745,10000.0,14.357487189835325,5,1012,4.365694319019909e-10,-6.266986929404084e-11,4.232276751281461e-10,0.9972711796315542,0.0,0.0
rectangle6,745,10000.0,30.743373502455132,6,4079,6.308122939262274e-09,-2.4892301553336438e-09,-7.268624813150382e-09,0.9950001263207918,0.0,0.0
single,745,1000000.0,0.0,1,2,3.960490800060306e-12,0.0,7.275957614183426e-12,0.0,0.0,0.0
pair,745,1000000.0,0.0,2,5,5.25577947507579e-12,-7.267519919196275e-13,-5.0603965462414635e-12,0.9999251595521871,0.0,0.0
path3,745,1000000.0,2.547039440031226,3,59,2.6293816542027932e-11,3.931077685592754e-12,2.802025278469955e-11,0.9992444948735902,0.0,0.0
triangle,745,1000000.0,3.642864708337408,3,60,3.493901655028311e-11,-2.2080115513745113e-12,-3.0734526035303134e-11,0.9992457447917605,0.0,0.0
path4,745,1000000.0,4.917413084537261,4,248,1.497200009191273e-10,1.496829327152227e-10,1.319335751759354e-10,0.9987572871014522,0.0,0.0
star4,745,1000000.0,4.984753074729623,4,247,2.42827603591011e-09,-7.812701596776606e-10,-3.1178686299426772e-09,0.9987422094501176,0.0,0.0
square,745,1000000.0,6.2426405965479415,4,249,9.099664380976814e-09,2.2377832920028595e-10,7.779409116892566e-09,0.9987858555599904,0.0,0.0
path5,745,1000000.0,18.175688775541605,5,1011,1.77457396499107e-09,-2.0521895294223214e-10,-1.7575700894667534e-09,0.9958689937049157,0.0,0.0
square_tail,745,1000000.0,21.62046147500705,5,1012,1.1669524536396842e-10,-1.8752643882180564e-10,-2.0378365661599673e-11,0.9959912497572135,0.0,0.0
rectangle6,745,1000000.0,50.170151022251616,6,4079,5.368168311988929e-09,1.2227019396959804e-09,-2.95960944640683e-09,0.9920138520018831,0.0,0.0
single,823,0.0,0.0,1,2,2.604883141213076e-13,0.0,0.0,0.0,0.0,0.0
pair,823,0.0,0.0,2,5,7.2147892469945674e-12,6.927791673660977e-14,9.556799795973347e-12,0.9990652002418093,0.0,0.0
path3,823,0.0,14.714854567478456,3,43,2.628265598508402e-11,-1.390532133882516e-11,-4.026645683552488e-11,0.9962686527736473,0.0,0.0
triangle,823,0.0,43.825528550772965,3,60,6.608272916997363e-11,-8.213874025386758e-12,7.463540896424092e-11,0.9931930935856507,0.0,0.0
path4,823,0.0,22.586946135606624,4,212,1.652247858134085e-09,-6.131557483968209e-10,-3.8546943414985435e-10,0.9952726370448626,0.0,0.0
star4,823,0.0,48.94995787461927,4,211,6.888421888541686e-10,-6.577920430572703e-10,-5.290416993375402e-10,0.9906611161851759,0.0,0.0
square,823,0.0,43.54313751523099,4,225,2.0685591012352427e-09,-1.6354988474631682e-09,-1.4498766631731996e-09,0.9934288329404339,0.0,0.0
path5,823,0.0,38.60640959410483,5,931,1.0262597850841053e-08,-6.116351869422942e-10,5.688860937880236e-09,0.9929837891906788,0.0,0.0
square_tail,823,0.0,80.72056560864776,5,956,9.047299653645665e-10,-1.091677859221818e-09,-1.168643848359352e-09,0.988538628090523,0.0,0.0
rectangle6,823,0.0,142.8760138640267,6,3991,1.0245797362501781e-08,-3.305444806755986e-09,-3.5090579331154004e-09,0.9828910838279685,0.0,0.0
single,823,100.0,0.0,1,2,2.604883141213076e-13,0.0,0.0,0.0,0.0,0.0
pair,823,100.0,0.0,2,5,5.758529854459632e-12,6.927791673660977e-14,3.0411229090532288e-12,0.9990652002418093,0.0,0.0
path3,823,100.0,14.838392616503512,3,59,4.988359243860989e-11,-1.0672351891116705e-11,-6.676259545201901e-11,0.9962443602313434,0.0,0.0
triangle,823,100.0,43.825528550776085,3,60,9.364632446372899e-11,5.5138116294983774e-12,6.403411134670023e-11,0.9931930935856498,0.0,0.0
path4,823,100.0,22.7806273795615,4,248,2.138616654634001e-09,2.0994690430597984e-09,2.256754783047654e-09,0.9952379424446933,0.0,0.0
star4,823,100.0,49.28974644504257,4,247,1.2461417183013464e-09,-1.3336034498934168e-09,-1.5798775621078676e-09,0.9905999151792869,0.0,0.0
square,823,100.0,43.90736201872236,4,249,2.1797781202402464e-08,1.9419701402512146e-09,1.9478875401546247e-08,0.9933791866843453,0.0,0.0
path5,823,100.0,39.037777721186345,5,1011,1.2878636571898323e-08,-3.212647925465717e-09,-1.3532144294003956e-08,0.9929121127652261,0.0,0.0
square_tail,823,100.0,81.65918277009249,5,1012,7.411557781417311e-09,1.0863914212677628e-09,-4.692537913797423e-09,0.9884111829188342,0.0,0.0
rectangle6,823,100.0,144.81793534143227,6,4079,9.429803414884028e-08,-1.0941221262328327e-09,-7.05214233676088e-08,0.9826636045156317,0.0,0.0
single,823,10000.0,0.0,1,2,2.604883141213076e-13,0.0,0.0,0.0,0.0,0.0
pair,823,10000.0,0.0,2,5,2.432293197607472e-12,6.217248937900877e-14,-1.5845103007450234e-12,0.9990652002418093,0.0,0.0
path3,823,10000.0,21.451436315215897,3,59,8.827277984185274e-12,8.86757334228605e-12,1.7905676941154525e-12,0.9949356231206512,0.0,0.0
triangle,823,10000.0,43.82552855077526,3,60,7.125830624219228e-12,1.3358203432289883e-12,-1.1112888387287967e-11,0.9931930935856501,0.0,0.0
path4,823,10000.0,34.65907432019604,4,248,1.212272893064903e-09,1.1732765869965078e-09,1.3303633750183508e-09,0.9931187329852875,0.0,0.0
star4,823,10000.0,58.178828227502876,4,247,5.843780253565412e-10,5.436504579847679e-10,9.39792244025739e-10,0.9889422701529368,0.0,0.0
square,823,10000.0,60.796376686913206,4,249,1.009155686399549e-08,-1.3105250218359288e-09,6.79506229062099e-09,0.991077828606564,0.0,0.0
path5,823,10000.0,68.90044366861056,5,1011,2.7206238570721657e-08,5.014214821130736e-09,2.7179851258551935e-08,0.9879420841899732,0.0,0.0
square_tail,823,10000.0,130.30992291162732,5,1012,1.8501861579237488e-09,-2.28283170145005e-10,1.222247192345094e-09,0.9818004738926591,0.0,0.0
rectangle6,823,10000.0,249.62421175406902,6,4079,1.3268386794694598e-07,2.328079062863253e-08,1.205075932375621e-07,0.9703774469271037,0.0,0.0
single,823,1000000.0,0.0,1,2,2.604883141213076e-13,0.0,0.0,0.0,0.0,0.0
pair,823,1000000.0,0.0,2,5,2.892482226200654e-12,6.039613253960852e-14,-3.211653165635653e-12,0.9990652002418093,0.0,0.0
path3,823,1000000.0,29.969508477879277,3,59,2.821796908896184e-11,1.6058265828178264e-12,2.927436071331613e-11,0.9932765885507457,0.0,0.0
triangle,823,1000000.0,43.82552855077231,3,60,1.3232916247213984e-11,-5.8548721426632255e-12,1.0800249583553523e-12,0.9931930935856508,0.0,0.0
path4,823,1000000.0,59.57757417756582,4,248,2.5893751251746304e-10,2.2069457372708712e-10,3.7277914088917896e-10,0.9888194260580886,0.0,0.0
star4,823,1000000.0,59.05346031141504,4,247,4.019477205800438e-09,-2.974871904370957e-09,6.633342763961991e-10,0.9888587835197835,0.0,0.0
square,823,1000000.0,75.95539660970704,4,249,6.188826124511422e-09,-9.742961992742494e-10,-6.394316187652294e-09,0.9890834834382543,0.0,0.0
path5,823,1000000.0,160.4853363361612,5,1011,2.9845402849575822e-09,1.8186483430326916e-09,-1.710759534034878e-09,0.9730929452090438,0.0,0.0
square_tail,823,1000000.0,189.57642228209204,5,1012,2.889402745185949e-09,1.0326175470254384e-09,1.599119059392251e-09,0.9740557787607466,0.0,0.0
rectangle6,823,1000000.0,387.41582372203135,6,4079,2.1073446481836164e-08,-2.5014287530211732e-08,-3.087870936724357e-08,0.9547905799403078,0.0,0.0
