motif,oxidation,barrier,renewal,copper_yield,tof,size,states,residual,oxygen_balance_error,sulfur_balance_error,oxygen_coverage,sulfate_coverage,bare_coverage
single,0.16,0.95,0.01,0.0,0.0,1,3,8.615318527032696e-12,-3.615814245239157e-17,-7.275957614183426e-12,0.0,0.0,0.0588235294117645
pair,0.16,0.95,0.01,0.0,0.0,2,10,1.7488693170240584e-13,-5.024539811993023e-14,-2.2737367544323206e-13,0.9125853556353303,0.0,0.05882352941161696
path3,0.16,0.95,0.01,0.025361514783333795,0.00025361514783333797,3,94,5.574986847374842e-12,4.119146104937521e-12,-1.8814289319199484e-12,0.049332457238321956,0.5716573291927108,0.05882352941024729
triangle,0.16,0.95,0.01,0.02536371536583795,0.0002536371536583795,3,127,1.1837086407900019e-11,8.92346309691594e-13,-1.7326045763030318e-11,0.08584468717379654,0.5717069312090928,0.0588235294111954
path4,0.16,0.95,0.01,0.019595656780472273,0.00019595656780472273,4,679,8.312125026159693e-11,5.538466820581567e-13,-1.8632340679017312e-11,0.153148018526434,0.44169289246012916,0.05882352941230293
star4,0.16,0.95,0.01,0.02041584533702422,0.0002041584533702422,4,740,1.0650307275804035e-11,2.3447062433984422e-12,2.221547815497993e-12,0.011263894860178075,0.4601802266356956,0.05882352941273207
square,0.16,0.95,0.01,0.02142605487334105,0.0002142605487334105,4,842,5.7022779516351505e-11,3.439877506103417e-13,-5.372767606249412e-11,0.4166977512044313,0.48295069959954845,0.05882352941224323
single,0.16,0.95,0.03162277660168379,0.0,0.0,1,3,2.204374777960273e-12,2.3635607360183997e-17,0.0,0.0,0.0,0.16502618927924428
pair,0.16,0.95,0.03162277660168379,0.0,0.0,2,10,7.092395879477122e-13,7.107526373006934e-13,4.547473508864641e-13,0.7598184753470189,0.0,0.1650261892810984
path3,0.16,0.95,0.03162277660168379,0.020218281984074583,0.0006393582144522387,3,94,7.561967700079979e-12,-4.636598830570771e-12,6.248105331729814e-13,0.08250003448972962,0.4557270803186459,0.1650261892808615
triangle,0.16,0.95,0.03162277660168379,0.02022352644278056,0.0006395240587982945,3,127,1.148943278178673e-11,-3.731927961103665e-13,-1.2436140658933503e-11,0.1327200305272374,0.45584529218675773,0.1650261892801977
path4,0.16,0.95,0.03162277660168379,0.016044509205739903,0.000507371930296772,4,679,5.132353535224985e-11,1.0669720315603648e-13,-7.378168432117804e-11,0.1590810187348528,0.3616487958875589,0.16502618927952747
star4,0.16,0.95,0.03162277660168379,0.01719790267997615,0.0005438454344663848,4,740,4.567224424748913e-11,-2.067265629512871e-12,4.03499846382549e-11,0.026172773518012768,0.38764668438674127,0.16502618927804596
square,0.16,0.95,0.03162277660168379,0.018484967663747232,0.0005845460029200275,4,842,1.756394109062644e-10,-1.8392405654044097e-13,1.712376473256283e-10,0.3429871571016689,0.41665757499945855,0.16502618927921586
single,0.16,0.95,0.1,0.0,0.0,1,3,6.19313467063796e-12,-9.540979117872439e-18,-3.637978807091713e-12,0.0,0.0,0.3846153846153846
pair,0.16,0.95,0.1,0.0,0.0,2,10,1.1928507682375773e-12,-6.247433126382873e-13,-1.8189894035458565e-12,0.46881750017811624,0.0,0.38461538461418326
path3,0.16,0.95,0.1,0.010996672048639392,0.0010996672048639393,3,94,2.5873613281092786e-12,-2.240034980421912e-12,-1.178252374139932e-12,0.11909055600260043,0.2478687976241475,0.38461538461471334
triangle,0.16,0.95,0.1,0.011004343146211435,0.0011004343146211436,3,127,1.8393217633543864e-11,1.8004144182459658e-12,2.1292197605743413e-11,0.18283940024673476,0.24804170681269855,0.3846153846166386
path4,0.16,0.95,0.1,0.009374210376746845,0.0009374210376746845,4,679,3.024887592677047e-11,-1.1466366051093857e-11,1.1204395050645743e-11,0.15216205625357387,0.2112979494704531,0.38461538460887096
star4,0.16,0.95,0.1,0.010752473541798502,0.0010752473541798503,4,740,1.56264454666089e-10,-1.3456334137240678e-11,1.331277440716483e-10,0.05002108626615521,0.24236447869108788,0.3846153846085919
square,0.16,0.95,0.1,0.012175274384192128,0.0012175274384192128,4,842,1.2418931145794325e-10,-9.800101702372999e-12,-1.395737934950514e-10,0.21640699024683382,0.2744349025818117,0.3846153846097115
single,0.16,0.95,0.31622776601683794,0.0,0.0,1,3,4.442545476884527e-13,3.426078865054194e-17,0.0,0.0,0.0,0.6640263096412088
pair,0.16,0.95,0.31622776601683794,0.0,0.0,2,10,1.3091481719919327e-12,-3.328934350399493e-13,-1.8189894035458565e-12,0.16895666536020545,0.0,0.6640263096408592
path3,0.16,0.95,0.31622776601683794,0.002882946295047058,0.0009116676664292509,3,94,3.2845783204948617e-12,5.942431442751417e-12,6.621922628291532e-12,0.09269667839744479,0.06498260824497418,0.6640263096443639
triangle,0.16,0.95,0.31622776601683794,0.002887206525962432,0.0009130148697343354,3,127,7.815704101201472e-11,4.592559839367016e-12,-7.48658522328749e-11,0.13980297844932296,0.06507863532606539,0.664026309643482
path4,0.16,0.95,0.31622776601683794,0.0028473286319505744,0.0009004043723975095,4,679,5.258057278568235e-11,1.3249388565450548e-12,6.584227477471338e-11,0.09812727513931538,0.06417977378045876,0.664026309641767
star4,0.16,0.95,0.31622776601683794,0.0036393355556148138,0.0011508589525377202,4,740,5.103407819252975e-12,2.3861043349504563e-12,1.6985544915026907e-14,0.05412770269826989,0.08203188421916047,0.6640263096418484
square,0.16,0.95,0.31622776601683794,0.004427134588706129,0.0013999828808424117,4,842,1.5518466100038306e-10,1.4010268639674806e-12,1.6125859848836743e-10,0.10158945954229165,0.09978914734745037,0.6640263096417153
single,0.16,0.95,1.0,0.0,0.0,1,3,5.865136100574339e-13,4.5536491244391186e-17,-9.094947017729282e-13,0.0,0.0,0.8620689655172414
pair,0.16,0.95,1.0,0.0,0.0,2,10,1.1523814976078046e-12,-1.0561967966893349e-12,-3.637978807091713e-12,0.03342685451215343,0.0,0.8620689655167861
path3,0.16,0.95,1.0,0.0003063731387518383,0.0003063731387518383,3,94,8.271264227770617e-13,-3.0443175107544573e-12,-1.125616201809454e-12,0.03048989845296676,0.0069057566864420845,0.8620689655166414
triangle,0.16,0.95,1.0,0.00030705346508796955,0.00030705346508796955,3,127,7.0780739698318565e-12,-2.469579553875112e-12,-1.2404965401245638e-11,0.045773185835490116,0.006921091477817522,0.8620689655165795
path4,0.16,0.95,1.0,0.0003650493933296023,0.0003650493933296023,4,679,1.9540932399570688e-10,-8.093101709627515e-12,-2.0483083892214315e-10,0.03184833299572525,0.008228339792705349,0.8620689655162299
star4,0.16,0.95,1.0,0.0005123055945145262,0.0005123055945145262,4,740,7.145976052083295e-11,-9.322212272955266e-12,-8.214890139662812e-11,0.024633032956888297,0.011547545582424271,0.8620689655161029
square,0.16,0.95,1.0,0.0006576792659920924,0.0006576792659920924,4,842,3.936002976030528e-10,-7.220369701438356e-12,-4.142493357887911e-10,0.034596062875134594,0.014824318499995319,0.8620689655162618
single,0.16,0.95,3.1622776601683795,0.0,0.0,1,3,3.8169736360499977e-13,-1.0625181290357943e-16,0.0,0.0,0.0,0.9518402685247292
pair,0.16,0.95,3.1622776601683795,0.0,0.0,2,10,3.953357629491999e-13,-1.5232259897857148e-13,-2.2737367544323206e-13,0.004421710437248209,0.0,0.9518402685247064
path3,0.16,0.95,3.1622776601683795,1.6452870905253138e-05,5.20285461093163e-05,3,94,3.604039006567274e-13,1.1002839264695474e-12,-1.8571082172069708e-14,0.005139961742643706,0.00037085341003061556,0.951840268524803
triangle,0.16,0.95,3.1622776601683795,1.649647618061286e-05,5.2166438097451845e-05,3,127,2.8047430518491538e-11,1.0033550596269536e-12,-2.960715906382555e-11,0.007710505342167554,0.00037183628810849177,0.9518402685246804
path4,0.16,0.95,3.1622776601683795,2.2432765997780533e-05,7.09386347705662e-05,4,679,4.0871477800057376e-11,-1.9636680519477534e-12,-4.152313486539133e-11,0.005567041453437871,0.0005056423171722877,0.9518402685246441
star4,0.16,0.95,3.1622776601683795,3.290983852626373e-05,0.00010407004717135246,4,740,6.826511572342027e-11,-2.193208180172046e-12,6.733339851395376e-11,0.005075809699479588,0.0007417991616056502,0.9518402685246374
square,0.16,0.95,3.1622776601683795,4.330612782149486e-05,0.00013694600055830952,4,842,4.2680901119614244e-11,-1.332074424723051e-12,4.2323227171167654e-11,0.006807215717553727,0.000976135123950281,0.9518402685246559
single,0.16,0.95,10.0,0.0,0.0,1,3,6.572845479352398e-14,-1.474514954580286e-16,0.0,0.0,0.0,0.984251968503937
pair,0.16,0.95,10.0,0.0,0.0,2,10,8.089004517483705e-14,1.3683498778505054e-14,0.0,0.0004870404702353702,0.0,0.9842519685039376
path3,0.16,0.95,10.0,6.298902191324049e-07,6.2989021913240485e-06,3,94,2.446336656890219e-13,7.381161112006429e-13,8.710653183995054e-13,0.0006204744677761262,1.4197943747695145e-05,0.9842519685039542
triangle,0.16,0.95,10.0,6.319061025671145e-07,6.3190610256711454e-06,3,127,3.396538023526108e-11,5.28103785474212e-13,-1.4534222688767674e-12,0.00093070124349522,1.4243382467494222e-05,0.9842519685039354
path4,0.16,0.95,10.0,9.137093507900419e-07,9.137093507900418e-06,4,679,7.180362726957224e-11,-6.337083771146626e-13,1.3374697169546944e-11,0.0006881380172108374,2.0595325315943378e-05,0.9842519685039277
star4,0.16,0.95,10.0,1.3609848551906324e-06,1.3609848551906324e-05,4,740,1.0835270133394376e-10,-7.294135998328621e-13,1.0825923783732566e-10,0.0006674723200337263,3.067707013652136e-05,0.9842519685039278
square,0.16,0.95,10.0,1.806884736022127e-06,1.806884736022127e-05,4,842,6.102555741505286e-11,-2.8605507448441897e-13,-5.7069466380811444e-11,0.0008904957993033631,4.072780792508261e-05,0.9842519685039284
single,0.16,0.95,31.622776601683793,0.0,0.0,1,3,2.8716238509139056e-14,-1.2880321809127793e-16,-2.842170943040401e-14,0.0,0.0,0.9949658268688985
pair,0.16,0.95,31.622776601683793,0.0,0.0,2,10,4.6766608681211006e-14,-4.7128967395337895e-14,-1.4210854715202004e-13,5.002730129581826e-05,0.0,0.9949658268688977
path3,0.16,0.95,31.622776601683793,2.1154609481170378e-08,6.689674897189127e-07,3,94,4.236456737466269e-14,1.2672902413883233e-13,-6.275694211261423e-15,6.573330019166925e-05,4.7683222597547246e-07,0.9949658268688998
triangle,0.16,0.95,31.622776601683793,2.1255584643576002e-08,6.721606047219845e-07,3,127,6.742883455274604e-11,-9.015293335329897e-13,-6.669040368180451e-11,9.859835549068407e-05,4.791082419843169e-07,0.9949658268688963
path4,0.16,0.95,31.622776601683793,3.138567201837495e-08,9.925020947307891e-07,4,679,4.589322038731863e-11,3.7531620606517935e-13,-4.6027176753109245e-11,7.35968464349017e-05,7.074439197866675e-07,0.9949658268688993
star4,0.16,0.95,31.622776601683793,4.6974346378027686e-08,1.4854592615224837e-06,4,740,2.614142914882201e-11,3.4962769577271194e-13,-2.5944283796785952e-11,7.28807461535798e-05,1.0588180401700695e-06,0.9949658268688993
square,0.16,0.95,31.622776601683793,6.254685264897517e-08,1.9779051484569757e-06,4,842,1.190147500082486e-10,8.990566944351228e-15,-1.1851325700497285e-10,9.718017775229882e-05,1.4098277258228397e-06,0.9949658268689006
single,0.16,0.95,100.0,0.0,0.0,1,3,9.540168660319986e-15,3.3944201616176173e-15,7.105427357601002e-15,0.0,0.0,0.9984025559105432
pair,0.16,0.95,100.0,0.0,0.0,2,10,2.2505428270982392e-14,1.529332216421153e-14,-7.105427357601002e-15,4.969226482243617e-06,0.0,0.9984025559105433
path3,0.16,0.95,100.0,6.748313454993682e-10,6.748313454993682e-08,3,94,3.2612174937584157e-14,-1.01827139050799e-13,-1.1786986175663252e-13,6.594817621024647e-06,1.5210932422075457e-08,0.9984025559105432
triangle,0.16,0.95,100.0,6.813762845283888e-10,6.813762845283889e-08,3,127,2.2114119839529286e-11,1.208359113105605e-14,-6.025919839444089e-12,9.892074579507849e-06,1.535845805810405e-08,0.9984025559105417
path4,0.16,0.95,100.0,1.0087055756101946e-09,1.0087055756101945e-07,4,679,2.937799367852617e-11,-1.1219421955537055e-13,2.9218565823411715e-11,7.407721011222993e-06,2.2736573248837485e-08,0.9984025559105426
star4,0.16,0.95,100.0,1.5119893742820871e-09,1.511989374282087e-07,4,740,6.194030258343445e-11,-1.085585395499579e-12,6.143440379021686e-11,7.384722365755367e-06,3.408076475316284e-08,0.9984025559105429
square,0.16,0.95,100.0,2.0151121424412343e-09,2.0151121424412344e-07,4,842,4.675745660482845e-11,-6.880103691201989e-13,-4.716283435834895e-11,9.846355432040862e-06,4.542132643484239e-08,0.9984025559105413
single,0.16,0.95,316.22776601683796,0.0,0.0,1,3,2.432367958426132e-14,-2.4979150692328034e-14,-2.4868995751603507e-14,0.0,0.0,0.9994942914449116
pair,0.16,0.95,316.22776601683796,0.0,0.0,2,10,7.269861955724891e-15,1.3933298959045715e-14,1.4210854715202004e-14,4.7326561515926456e-07,0.0,0.9994942914449116
path3,0.16,0.95,316.22776601683796,2.0682101885707002e-11,6.540254875849758e-09,3,94,1.0335975716186514e-14,-4.896424490534034e-14,-4.002694955710783e-14,6.300868793635087e-07,4.661817524217161e-10,0.9994942914449118
triangle,0.16,0.95,316.22776601683796,2.119986046003341e-11,6.70398451314506e-09,3,127,6.109342801166594e-11,8.108589593102424e-13,-6.010002848566573e-11,9.451162275626798e-07,4.778519241920545e-10,0.9994942914449116
path4,0.16,0.95,316.22776601683796,3.09888072709007e-11,9.799521294803274e-09,4,679,3.831686829852461e-11,-4.622259628619136e-12,3.25568820811342e-11,7.084985542600166e-07,6.984992366054996e-10,0.9994942914449115
star4,0.16,0.95,316.22776601683796,4.647247954192954e-11,1.4695888386807583e-08,4,740,4.3334045277163055e-11,-3.764067018102535e-12,-4.525965176418992e-11,7.077992145344116e-07,1.0475069171702016e-09,0.9994942914449118
square,0.16,0.95,316.22776601683796,6.195481760325677e-11,1.9591833564658557e-08,4,842,7.414176584630596e-12,1.6075773591828103e-12,-6.74569210583954e-12,9.437328361734265e-07,1.396482694539181e-09,0.9994942914449135
single,0.16,0.95,1000.0,0.0,0.0,1,3,3.1928331620438256e-14,3.1832609465043404e-14,3.197442310920451e-14,0.0,0.0,0.9998400255959047
pair,0.16,0.95,1000.0,0.0,0.0,2,10,5.11827380381109e-14,-1.012800954214299e-13,-1.021405182655144e-13,4.082715327755133e-08,0.0,0.9998400255959045
path3,0.16,0.95,1000.0,5.800524133152514e-13,5.800524133152514e-10,3,94,2.0147128639019084e-14,-7.876974312150564e-14,-6.47254218599974e-14,5.441076416796143e-08,1.3074589062821315e-11,0.9998400255959048
triangle,0.16,0.95,1000.0,6.214028397346547e-13,6.214028397346547e-10,3,127,1.304705738012641e-11,1.1856532582672576e-12,1.5437253158473005e-11,8.161494623163308e-08,1.4006465097279453e-11,0.9998400255959045
path4,0.16,0.95,1000.0,8.697772095162785e-13,8.697772095162785e-10,4,679,1.9369805345643753e-11,-3.6737872058814745e-12,-6.308925840957947e-12,6.120257901739757e-08,1.9605114357459763e-11,0.9998400255959047
star4,0.16,0.95,1000.0,1.3045616211508323e-12,1.3045616211508323e-09,4,740,3.172563340028841e-11,-4.111138893082218e-12,3.078679764399385e-11,6.118350889390448e-08,2.940535913712693e-11,0.9998400255959049
square,0.16,0.95,1000.0,1.73933529881711e-12,1.7393352988171099e-09,4,842,3.5560443993186406e-11,-1.4550019966718184e-11,3.55445783840549e-13,8.157801622278626e-08,3.920629434985836e-11,0.9998400255959036
single,0.16,0.95,3162.2776601683795,0.0,0.0,1,3,1.4559213877363152e-13,1.4550296731363765e-13,1.4566126083082054e-13,0.0,0.0,0.9999494061173079
pair,0.16,0.95,3162.2776601683795,0.0,0.0,2,10,1.6441745610781843e-13,-3.28126414927965e-13,-3.2862601528904634e-13,2.841888795654288e-09,0.0,0.9999494061173078
path3,0.16,0.95,3162.2776601683795,1.2607861542115341e-14,3.9869558897127397e-11,3,94,1.7801939030057158e-14,-7.207385301621022e-14,-5.431028462220771e-14,3.788661468515723e-09,2.841874434644112e-13,0.999949406117307
triangle,0.16,0.95,3162.2776601683795,1.510075981751975e-14,4.775279542251104e-11,3,127,4.5847792669186395e-11,1.0327979579969164e-11,-4.2722362317207004e-11,5.682917055245274e-09,3.40173738780014e-13,0.9999494061173078
path4,0.16,0.95,3162.2776601683795,1.8909808747385156e-14,5.979806575991269e-11,4,679,4.2965265123332715e-11,2.166818131693021e-11,-4.009260782003835e-11,4.2620471256695995e-09,4.2624439342338525e-13,0.9999494061173078
star4,0.16,0.95,3162.2776601683795,2.8363853658327226e-14,8.969438078001335e-11,4,740,7.398497408069026e-11,2.9065567856449535e-11,-6.740830915344195e-11,4.261654495032081e-09,6.391324656349607e-13,0.9999494061173076
square,0.16,0.95,3162.2776601683795,3.7823396353695566e-14,1.1960808132098564e-10,4,842,6.683014957718473e-11,5.5101003344323636e-11,-4.028229979954498e-11,5.682206451818904e-09,8.512615788020402e-13,0.9999494061173088
single,0.16,0.95,10000.0,0.0,0.0,1,3,1.4558117538633767e-13,1.4549039056843682e-13,1.4555023852835802e-13,0.0,0.0,0.9999840002559959
pair,0.16,0.95,10000.0,0.0,0.0,2,10,2.911234311915395e-13,5.822287096890477e-13,5.823119764158946e-13,1.448837087304078e-10,0.0,0.999984000255996
path3,0.16,0.95,10000.0,1.5637098793074937e-16,1.5637098793074937e-12,3,94,4.3678997365807357e-13,1.7468316372738766e-12,1.31006989938634e-12,1.9317211985635784e-10,3.510096574696088e-15,0.9999840002559962
triangle,0.16,0.95,10000.0,2.292631803732485e-16,2.2926318037324852e-12,3,127,3.957646467658376e-11,-6.441270566059078e-11,-1.7011678113068498e-11,2.8975635336817287e-10,5.59806952378552e-15,0.9999840002559957
path4,0.16,0.95,10000.0,2.3455009114821256e-16,2.3455009114821258e-12,4,679,3.432470299615639e-11,-7.206519561626485e-11,-1.5108147441436724e-11,2.173164468251036e-10,5.959369917009778e-15,0.9999840002559961
star4,0.16,0.95,10000.0,3.5182105722935343e-16,3.5182105722935342e-12,4,740,1.4018568332792934e-11,-8.55116971209143e-11,-1.7825195623096683e-11,2.1731210207608147e-10,8.457803795107024e-15,0.9999840002559961
square,0.16,0.95,10000.0,4.691566112561072e-16,4.691566112561072e-12,4,842,8.334481111035718e-11,1.6721302307559498e-10,8.969281157994999e-11,2.897483680558549e-10,9.37535333745881e-15,0.9999840002560002
single,0.16,1.45,0.01,0.0,0.0,1,3,8.615318527032696e-12,-3.615814245239157e-17,-7.275957614183426e-12,0.0,0.0,0.0588235294117645
pair,0.16,1.45,0.01,0.0,0.0,2,10,1.7488693170240584e-13,-5.024539811993023e-14,-2.2737367544323206e-13,0.9125853556353303,0.0,0.05882352941161696
path3,0.16,1.45,0.01,24.91159901008432,0.2491159901008432,3,94,1.1238018095304233e-11,-2.672306820272752e-13,1.0300871267077127e-11,0.4548797740686939,0.23278807264667983,0.058823529411267055
triangle,0.16,1.45,0.01,29.200331217375822,0.29200331217375824,3,127,9.032877704292304e-12,-1.8851586958135158e-13,-3.4854341635082164e-12,0.6570464719576359,0.27286441235684417,0.0588235294114892
path4,0.16,1.45,0.01,25.198805948342685,0.25198805948342684,4,679,4.878121265365582e-11,1.205924249347845e-12,4.369882233845601e-11,0.5064863118687726,0.23547189678283453,0.05882352941142305
star4,0.16,1.45,0.01,31.748382238378845,0.31748382238378847,4,740,1.7465328604412756e-10,-1.894928658430217e-12,1.7918599937161162e-10,0.25736241951515515,0.296674842456346,0.058823529411093256
square,0.16,1.45,0.01,39.949668302994034,0.39949668302994035,4,842,9.123383549873392e-11,-1.318944953254686e-13,-3.1374902675906924e-12,0.3946124539199669,0.37331229855507453,0.05882352941161839
single,0.16,1.45,0.03162277660168379,0.0,0.0,1,3,2.204374777960273e-12,2.3635607360183997e-17,0.0,0.0,0.0,0.16502618927924428
pair,0.16,1.45,0.03162277660168379,0.0,0.0,2,10,7.092395879477122e-13,7.107526373006934e-13,4.547473508864641e-13,0.7598184753470189,0.0,0.1650261892810984
path3,0.16,1.45,0.03162277660168379,13.677341355183318,0.4325155101799331,3,94,8.982852723261605e-12,-4.3653969328261155e-13,-1.2656542480726785e-11,0.5213778195812899,0.12780881435221986,0.16502618927914073
triangle,0.16,1.45,0.03162277660168379,19.659110912846945,0.6216756725846828,3,127,8.413694828439699e-12,4.0167869030938164e-13,-1.566746732351021e-12,0.6221203099406204,0.18370585274157597,0.16502618927975862
path4,0.16,1.45,0.03162277660168379,15.296851575392669,0.48372892007775714,4,679,6.553089471798171e-11,-3.5913494400574564e-12,-6.828981824469338e-11,0.5324047833097211,0.14294243394917328,0.1650261892767792
star4,0.16,1.45,0.03162277660168379,21.025490922992574,0.6648844023985245,4,740,5.977394076123764e-11,-9.779732579318079e-12,-9.485923158081278e-11,0.3340452474328702,0.1964740805233717,0.1650261892762172
square,0.16,1.45,0.03162277660168379,24.42304984954813,0.7723246493240474,4,842,8.24981456987202e-11,-1.9335644196871726e-12,-8.389822170329353e-11,0.49596569108846966,0.22822279294379572,0.16502618927775276
single,0.16,1.45,0.1,0.0,0.0,1,3,6.19313467063796e-12,-9.540979117872439e-18,-3.637978807091713e-12,0.0,0.0,0.3846153846153846
pair,0.16,1.45,0.1,0.0,0.0,2,10,1.1928507682375773e-12,-6.247433126382873e-13,-1.8189894035458565e-12,0.46881750017811624,0.0,0.38461538461418326
path3,0.16,1.45,0.1,4.0522810147341914,0.4052281014734192,3,94,2.413061488974532e-12,-4.224398608698721e-12,-5.3221871354480754e-12,0.42095333332573576,0.03786680602096258,0.3846153846122209
triangle,0.16,1.45,0.1,7.411102487545332,0.7411102487545332,3,127,3.5971658332488976e-11,1.1923795284474181e-12,-3.566968942436688e-11,0.4799377982244759,0.06925353380692512,0.38461538461630684
path4,0.16,1.45,0.1,5.114245845369593,0.5114245845369594,4,679,2.590294052343466e-11,-8.672174089952023e-12,-3.645883595027044e-11,0.42530975329763926,0.047790406115805956,0.38461538461058825
star4,0.16,1.45,0.1,8.223096772810582,0.8223096772810583,4,740,2.2896985079708981e-10,-1.1668888078020245e-11,-2.4284840804966734e-10,0.3234252822627985,0.07684126774023746,0.38461538461046507
square,0.16,1.45,0.1,8.57730874004525,0.8577308740045251,4,842,2.0753927330708375e-10,-9.128697797677887e-12,-2.2035795410602077e-10,0.44535786985654835,0.08015122471801911,0.3846153846107574
single,0.16,1.45,0.31622776601683794,0.0,0.0,1,3,4.442545476884527e-13,3.426078865054194e-17,0.0,0.0,0.0,0.6640263096412088
pair,0.16,1.45,0.31622776601683794,0.0,0.0,2,10,1.3091481719919327e-12,-3.328934350399493e-13,-1.8189894035458565e-12,0.16895666536020545,0.0,0.6640263096408592
path3,0.16,1.45,0.31622776601683794,0.5488985890949146,0.17357697459927915,3,94,1.1386546522762925e-12,-1.3231638007482616e-12,-2.369215934550084e-13,0.18131296118132523,0.005129218907191521,0.6640263096407424
triangle,0.16,1.45,0.31622776601683794,1.1267325910787171,0.3563041301751861,3,127,7.271736652702658e-12,-1.596056620201125e-12,-6.292744103575387e-13,0.22541508976367905,0.010528826679302685,0.6640263096403283
path4,0.16,1.45,0.31622776601683794,0.7468020604837989,0.23615954724356322,4,679,8.517568500512997e-11,4.862665825555723e-12,8.462530676212054e-11,0.1900113366308706,0.006978540887280867,0.6640263096423693
star4,0.16,1.45,0.31622776601683794,1.3483718307127188,0.4263926117863171,4,740,1.9879212570574023e-11,6.395106666445827e-12,2.8799851392591336e-11,0.1663581533150499,0.012599949103049695,0.6640263096425101
square,0.16,1.45,0.31622776601683794,1.3478585784335726,0.4262303071646796,4,842,7.936245572855663e-11,2.013056388250334e-12,8.057643441361506e-11,0.2184568385857797,0.012595152985813225,0.6640263096415547
single,0.16,1.45,1.0,0.0,0.0,1,3,5.865136100574339e-13,4.5536491244391186e-17,-9.094947017729282e-13,0.0,0.0,0.8620689655172414
pair,0.16,1.45,1.0,0.0,0.0,2,10,1.1523814976078046e-12,-1.0561967966893349e-12,-3.637978807091713e-12,0.03342685451215343,0.0,0.8620689655167861
path3,0.16,1.45,1.0,0.03623583654712934,0.03623583654712934,3,94,1.037938895974772e-12,2.2836732505027157e-12,2.4758528560653303e-12,0.04030091748415138,0.00033860815358539213,0.8620689655176603
triangle,0.16,1.45,1.0,0.07180472095608399,0.07180472095608399,3,127,4.713091873040117e-12,7.853995231954514e-13,2.47737941272419e-12,0.0553252386969878,0.0006709839295012962,0.8620689655175401
path4,0.16,1.45,1.0,0.051222266576677694,0.051222266576677694,4,679,2.9492416895974476e-11,-7.422451542282715e-12,1.94210203474654e-11,0.043832253998850934,0.00047864983405776685,0.862068965516296
star4,0.16,1.45,1.0,0.08970472181883839,0.08970472181883839,4,740,8.78560870591991e-11,-6.979361533154815e-12,-9.608541740036003e-11,0.041306695381185164,0.0008382516637509437,0.8620689655163385
square,0.16,1.45,1.0,0.09730787706825522,0.09730787706825522,4,842,9.750077791859187e-11,-6.9684258363622575e-12,9.0288443388431e-11,0.05452086388058158,0.0009092998472019663,0.8620689655163505
single,0.16,1.45,3.1622776601683795,0.0,0.0,1,3,3.8169736360499977e-13,-1.0625181290357943e-16,0.0,0.0,0.0,0.9518402685247292
pair,0.16,1.45,3.1622776601683795,0.0,0.0,2,10,3.953357629491999e-13,-1.5232259897857148e-13,-2.2737367544323206e-13,0.004421710437248209,0.0,0.9518402685247064
path3,0.16,1.45,3.1622776601683795,0.0015345796393445375,0.00485276691124848,3,94,2.773726243000967e-13,-4.349194615560492e-13,-8.303531473519143e-13,0.00567319187029774,1.433998021418521e-05,0.9518402685246985
triangle,0.16,1.45,3.1622776601683795,0.0028335677146520194,0.00896052788261845,3,127,5.72122085929529e-11,1.8526465084267585e-12,5.925345283874783e-11,0.008232474261735272,2.6478459485161853e-05,0.951840268524876
path4,0.16,1.45,3.1622776601683795,0.0022366436169936467,0.007072888143777211,4,679,7.842943165732282e-11,-1.530994081511139e-12,-7.60957928613859e-11,0.006300730996910125,2.09004631868859e-05,0.9518402685246601
star4,0.16,1.45,3.1622776601683795,0.0036104174183789186,0.011417142346022448,4,740,2.484472489817461e-10,-1.7486151415724294e-12,-2.454912800819997e-10,0.006151143530702856,3.373778268651657e-05,0.9518402685246521
square,0.16,1.45,3.1622776601683795,0.00437650778699692,0.013839732804373313,4,842,3.2683056747077746e-10,-2.3817683936222522e-12,-3.2265291133315444e-10,0.008184813739336856,4.089656442836129e-05,0.9518402685246591
single,0.16,1.45,10.0,0.0,0.0,1,3,6.572845479352398e-14,-1.474514954580286e-16,0.0,0.0,0.0,0.984251968503937
pair,0.16,1.45,10.0,0.0,0.0,2,10,8.089004517483705e-14,1.3683498778505054e-14,0.0,0.0004870404702353702,0.0,0.9842519685039376
path3,0.16,1.45,10.0,5.336938854818471e-05,0.0005336938854818471,3,94,1.9392264072347797e-13,5.048457311918053e-13,-8.479371718661532e-14,0.0006408849053777466,4.987137498263666e-07,0.9842519685039484
triangle,0.16,1.45,10.0,9.460370590502854e-05,0.0009460370590502854,3,127,1.9876467434712537e-11,-2.6587326090732333e-13,1.9828441839842004e-11,0.000950715454210233,8.840305468292025e-07,0.9842519685039273
path4,0.16,1.45,10.0,7.918470154213392e-05,0.0007918470154213393,4,679,2.7326031920671755e-11,-1.5601257265240864e-12,-2.3883102526905953e-11,0.000717831883566141,7.399466580215007e-07,0.9842519685039145
star4,0.16,1.45,10.0,0.00012194941695389889,0.001219494169538989,4,740,1.9353170424955465e-11,-1.671303720418571e-12,-1.931280309286354e-11,0.0007116973220077832,1.1395643504573355e-06,0.9842519685039143
square,0.16,1.45,10.0,0.0001571264411294461,0.001571264411294461,4,842,1.7594963416301515e-10,-7.832120368922446e-13,-1.7563750974447512e-10,0.0009486880739907463,1.4682783618187905e-06,0.9842519685039122
single,0.16,1.45,31.622776601683793,0.0,0.0,1,3,2.8716238509139056e-14,-1.2880321809127793e-16,-2.842170943040401e-14,0.0,0.0,0.9949658268688985
pair,0.16,1.45,31.622776601683793,0.0,0.0,2,10,4.6766608681211006e-14,-4.7128967395337895e-14,-1.4210854715202004e-13,5.002730129581826e-05,0.0,0.9949658268688977
path3,0.16,1.45,31.622776601683793,1.7081953689436505e-06,5.4017880544135885e-05,3,94,6.32678596281142e-14,-9.564416858336144e-14,-1.5759461335744518e-13,6.6410365809076e-05,1.5962344118560163e-08,0.9949658268688973
triangle,0.16,1.45,31.622776601683793,2.975152649271818e-06,9.408258758383039e-05,3,127,3.22483478140941e-11,-1.7808459784954267e-13,-3.217021576429682e-11,9.926187225879905e-05,2.7801509724399648e-08,0.9949658268688976
path4,0.16,1.45,31.622776601683793,2.5527400348143793e-06,8.072472784310963e-05,4,679,1.4553232853436745e-10,-8.187346200311252e-13,-1.4366269350356287e-10,7.460223420593134e-05,2.3854249489886537e-08,0.9949658268688953
star4,0.16,1.45,31.622776601683793,3.860972958697998e-06,0.0001220946853380489,4,740,1.34426516151931e-10,-4.642774879826117e-13,-1.3544663611184116e-10,7.438534373230941e-05,3.607911785039791e-08,0.9949658268688957
square,0.16,1.45,31.622776601683793,5.092094957783322e-06,0.00016102618128454246,4,842,1.9181369680099323e-10,-2.5221469877878544e-14,-1.9362641210437376e-10,9.917795339567217e-05,4.7583418474486355e-08,0.9949658268688921
single,0.16,1.45,100.0,0.0,0.0,1,3,9.540168660319986e-15,3.3944201616176173e-15,7.105427357601002e-15,0.0,0.0,0.9984025559105432
pair,0.16,1.45,100.0,0.0,0.0,2,10,2.2505428270982392e-14,1.529332216421153e-14,-7.105427357601002e-15,4.969226482243617e-06,0.0,0.9984025559105433
path3,0.16,1.45,100.0,5.12042442295409e-08,5.1204244229540894e-06,3,94,2.2039272127017093e-14,-7.035138530758767e-14,-1.0515687712958632e-13,6.615560792594071e-06,4.78481495739772e-10,0.998402555910543
triangle,0.16,1.45,100.0,8.822260248330044e-08,8.822260248330044e-06,3,127,3.930251577302369e-11,2.5133580045205543e-13,3.860448978648917e-11,9.912335157076977e-06,8.244021167646953e-10,0.9984025559105426
path4,0.16,1.45,100.0,7.670942802736466e-08,7.670942802736466e-06,4,679,3.331767887871289e-11,-1.2522621489568196e-12,-3.410359491416151e-11,7.4387334853202156e-06,7.168175738567214e-10,0.9984025559105433
star4,0.16,1.45,100.0,1.1532584670232086e-07,1.1532584670232085e-05,4,740,4.670641159513955e-11,-6.442705391537448e-14,-4.6879034799830657e-11,7.431203068544226e-06,1.0776702882806314e-09,0.9984025559105434
square,0.16,1.45,100.0,1.5328698059051097e-07,1.5328698059051097e-05,4,842,1.089093944619593e-10,-4.143634206913403e-12,1.0633465897353592e-10,9.908251320454354e-06,1.4324036724348208e-09,0.9984025559105402
single,0.16,1.45,316.22776601683796,0.0,0.0,1,3,2.432367958426132e-14,-2.4979150692328034e-14,-2.4868995751603507e-14,0.0,0.0,0.9994942914449116
pair,0.16,1.45,316.22776601683796,0.0,0.0,2,10,7.269861955724891e-15,1.3933298959045715e-14,1.4210854715202004e-14,4.7326561515926456e-07,0.0,0.9994942914449116
path3,0.16,1.45,316.22776601683796,1.3574884387226552e-09,4.292755363709505e-07,3,94,2.3864793568709132e-14,-9.002097900323732e-14,-8.102817250377355e-14,6.306567482311907e-07,1.2685165004086608e-11,0.9994942914449113
triangle,0.16,1.45,316.22776601683796,2.305735143000251e-09,7.291374732974838e-07,3,127,6.795161033667428e-11,-4.527463568436939e-12,6.694042359539718e-11,9.456696186914888e-07,2.154692581744742e-11,0.9994942914449103
path4,0.16,1.45,316.22776601683796,2.035323219051522e-09,6.43625714682862e-07,4,679,4.3816177884073385e-11,-7.418953723962193e-12,4.088095895655395e-11,7.093524266634323e-07,1.9020581835148894e-11,0.9994942914449122
star4,0.16,1.45,316.22776601683796,3.0544073605889594e-09,9.658884161444331e-07,4,740,1.211194666598086e-11,-4.634041637255977e-12,1.0212394942862217e-11,7.090796234299912e-07,2.8543076209294073e-11,0.999494291444912
square,0.16,1.45,316.22776601683796,4.069477356713059e-09,1.2868817333694777e-06,4,842,2.4368869312859226e-10,-1.2982890476290123e-11,2.392854546259899e-10,9.454394167969262e-07,3.80302602729763e-11,0.9994942914449115
single,0.16,1.45,1000.0,0.0,0.0,1,3,3.1928331620438256e-14,3.1832609465043404e-14,3.197442310920451e-14,0.0,0.0,0.9998400255959047
pair,0.16,1.45,1000.0,0.0,0.0,2,10,5.11827380381109e-14,-1.012800954214299e-13,-1.021405182655144e-13,4.082715327755133e-08,0.0,0.9998400255959045
path3,0.16,1.45,1000.0,2.8105487254445696e-11,2.8105487254445695e-08,3,94,2.0188280408136757e-14,-7.883217713257181e-14,-6.256740982181326e-14,5.442344995994931e-08,2.626403004833089e-13,0.9998400255959047
triangle,0.16,1.45,1000.0,4.6971440135055334e-11,4.697144013505533e-08,3,127,7.463183531936086e-12,2.1758999330682906e-12,-3.4774112194742377e-12,8.162736474814674e-08,4.387403149311572e-13,0.9998400255959048
path4,0.16,1.45,1000.0,4.2151247038346627e-11,4.2151247038346625e-08,4,679,4.883220370574483e-11,-6.222316084232446e-12,3.7670537677096785e-11,6.122160018356767e-08,3.9471959289555093e-13,0.9998400255959046
star4,0.16,1.45,1000.0,6.322942220151735e-11,6.322942220151736e-08,4,740,8.504902890186289e-11,-8.198622319115916e-12,8.380079487986317e-11,6.121203859703972e-08,5.908811894091372e-13,0.9998400255959046
square,0.16,1.45,1000.0,8.429405364351473e-11,8.429405364351473e-08,4,842,9.630419537406832e-11,1.5111675482910605e-11,1.0257450065970898e-10,8.161604967033368e-08,7.866225025027502e-13,0.9998400255959079
single,0.16,1.45,3162.2776601683795,0.0,0.0,1,3,1.4559213877363152e-13,1.4550296731363765e-13,1.4566126083082054e-13,0.0,0.0,0.9999494061173079
pair,0.16,1.45,3162.2776601683795,0.0,0.0,2,10,1.6441745610781843e-13,-3.28126414927965e-13,-3.2862601528904634e-13,2.841888795654288e-09,0.0,0.9999494061173078
path3,0.16,1.45,3162.2776601683795,4.0297007823680004e-13,1.2743032761245368e-09,3,94,1.977847512265898e-14,-7.766643648154556e-14,-5.912571197030544e-14,3.788855492421191e-09,3.767665189448498e-15,0.9999494061173075
triangle,0.16,1.45,3162.2776601683795,6.795548807623016e-13,2.148941218293013e-09,3,127,5.387081961421958e-11,-9.806513342822924e-12,-5.4918871636231684e-11,5.6831225544790495e-09,6.513577971934677e-15,0.9999494061173073
path4,0.16,1.45,3162.2776601683795,6.044191137164794e-13,1.9113410606843943e-09,4,679,3.123928989035742e-11,-1.6241018984488903e-12,-3.1958052037564804e-13,4.2623385881249215e-09,6.014050262523425e-15,0.9999494061173078
star4,0.16,1.45,3162.2776601683795,9.066156785647344e-13,2.866970506683656e-09,4,740,5.488270493819093e-12,-9.152950026982863e-12,2.7126912550444096e-12,4.262091887003791e-09,8.633437495672047e-15,0.9999494061173078
square,0.16,1.45,3162.2776601683795,1.208787301094237e-12,3.822521078145534e-09,4,842,3.422212913614195e-11,2.80083705987135e-11,2.4381478084096103e-11,5.682788668242577e-09,1.0671612521172984e-14,0.9999494061173093
single,0.16,1.45,10000.0,0.0,0.0,1,3,1.4558117538633767e-13,1.4549039056843682e-13,1.4555023852835802e-13,0.0,0.0,0.9999840002559959
pair,0.16,1.45,10000.0,0.0,0.0,2,10,2.911234311915395e-13,5.822287096890477e-13,5.823119764158946e-13,1.448837087304078e-10,0.0,0.999984000255996
path3,0.16,1.45,10000.0,3.665038898584547e-15,3.665038898584547e-11,3,94,4.3638522231371803e-13,1.7457070147414997e-12,1.3099444775761257e-12,1.9317357688049534e-10,1.9702022557289514e-17,0.9999840002559963
triangle,0.16,1.45,10000.0,6.698405052011858e-15,6.698405052011858e-11,3,127,7.563139933729548e-11,2.369097165884638e-12,8.202893145036917e-11,2.897577094448424e-10,2.0854759817499657e-17,0.999984000255997
path4,0.16,1.45,10000.0,5.497456992928007e-15,5.497456992928007e-11,4,679,4.2083631273151615e-11,-7.699825457084497e-11,1.3747438374949454e-11,2.1731929809502028e-10,1.176989025173008e-16,0.999984000255996
star4,0.16,1.45,10000.0,8.246109571452594e-15,8.246109571452594e-11,4,740,1.8389740928476387e-11,-9.690682472696272e-11,-1.8277579156347468e-11,2.173154394749169e-10,6.673393800895795e-16,0.999984000255996
square,0.16,1.45,10000.0,1.0950429423078642e-14,1.0950429423078642e-10,4,842,3.8016668837703304e-11,-1.1862077870471567e-10,-1.4620641907717966e-11,2.897537406700532e-10,9.586298544546072e-16,0.9999840002559963
single,39120.0,0.95,0.01,0.0,0.0,1,3,9.897936607319336e-12,-7.220652596890212e-12,-7.275957614183426e-12,0.0,0.0,2.5562365635334316e-07
pair,39120.0,0.95,0.01,0.0,0.0,2,10,4.8756956902644e-12,4.715608979688479e-12,9.015455049166121e-12,0.9999222425954724,0.0,2.55623656605941e-07
path3,39120.0,0.95,0.01,0.028367587111189464,0.00028367587111189464,3,94,7.045533754824847e-12,4.891158008127339e-12,6.89302196051067e-12,0.02740531827423196,0.639415240995609,2.5562365656416337e-07
triangle,39120.0,0.95,0.01,0.02837004857147711,0.0002837004857147711,3,127,1.3574229411278839e-11,1.5244388867560743e-12,1.4054176550835906e-11,0.054358072897880375,0.6394707231559805,2.556236565379201e-07
path4,39120.0,0.95,0.01,0.021826083590914872,0.00021826083590914872,4,679,9.666713481422579e-11,-2.4014080654555237e-13,-8.890844961292887e-11,0.1818770045322034,0.49196748547838265,2.5562365653792006e-07
star4,39120.0,0.95,0.01,0.02225832855754139,0.0002225832855754139,4,740,1.452997024756838e-10,4.746491828050425e-13,-1.4784292431783974e-10,0.009008305356421291,0.5017104367575819,2.556236565379201e-07
square,39120.0,0.95,0.01,0.022980815467904134,0.00022980815467904135,4,842,1.6371200762673632e-10,1.2713601872660352e-12,-1.653745868544776e-10,0.4616303642935388,0.5179955420349938,2.556236565379201e-07
single,39120.0,0.95,0.03162277660168379,0.0,0.0,1,3,5.1063402894869856e-12,-3.989425001287017e-12,0.0,0.0,0.0,8.083525315782936e-07
pair,39120.0,0.95,0.03162277660168379,0.0,0.0,2,10,5.074596730463234e-12,7.797606310644412e-12,2.831068712794149e-12,0.9999159353764526,0.0,8.083525317895269e-07
path3,39120.0,0.95,0.03162277660168379,0.0283599431863701,0.000896820147819026,3,94,9.260919415191986e-12,-6.970017184942945e-11,-4.5158622501151324e-11,0.02789197579930497,0.6392429445367115,8.083525312674971e-07
triangle,39120.0,0.95,0.03162277660168379,0.028367299693340522,0.0008970527809955205,3,127,2.785586284590604e-11,-1.5487815023529361e-12,-3.3014764099642546e-11,0.05442004586774424,0.6394087625582353,8.083525316802727e-07
path4,39120.0,0.95,0.03162277660168379,0.021720000456038936,0.0006868467222097893,4,679,1.3613330431732277e-11,-3.8255293030586834e-13,-8.381432266973965e-12,0.1866312427680055,0.48957633486591234,8.083525316802723e-07
star4,39120.0,0.95,0.03162277660168379,0.022132399399014065,0.0006998879218542624,4,740,1.915786535292722e-10,3.349421434650779e-13,-1.93608655149613e-10,0.0171886469576168,0.49887194990876754,8.083525316802723e-07
square,39120.0,0.95,0.03162277660168379,0.022914000550859445,0.0007246043204706875,4,842,7.469972767981446e-11,-1.4249400270838208e-12,7.56311992200498e-11,0.46320879431745593,0.5164895106514377,8.083525316802723e-07
single,39120.0,0.95,0.1,0.0,0.0,1,3,3.4253126062291134e-12,3.425318188809978e-12,0.0,0.0,0.0,2.5562306845694494e-06
pair,39120.0,0.95,0.1,0.0,0.0,2,10,5.877683334734666e-12,3.0864547029274547e-12,9.523049016024743e-12,0.9998959906605176,0.0,2.5562306845148348e-06
path3,39120.0,0.95,0.1,0.028339706948583142,0.0028339706948583144,3,94,2.4460345520167967e-11,-5.898736360476775e-13,-6.656992665443617e-12,0.029175069971777455,0.6387868125288796,2.556230684528484e-06
triangle,39120.0,0.95,0.1,0.02835947675483411,0.002835947675483411,3,127,1.1371154984070363e-10,2.5401746678310744e-12,1.1561952610594783e-10,0.054595686448010966,0.6392324307927552,2.55623068448189e-06
path4,39120.0,0.95,0.1,0.021422680399500797,0.00214226803995008,4,679,2.6482735444427125e-11,2.1051563270368945e-13,-3.594371328352608e-12,0.1999535064076422,0.48287463779089096,2.556230684481889e-06
star4,39120.0,0.95,0.1,0.02180052642480686,0.0021800526424806863,4,740,1.108598704245315e-10,-7.368185922507209e-13,7.431914285371821e-11,0.038744084659183546,0.49139141810227654,2.556230684481889e-06
square,39120.0,0.95,0.1,0.022720012559224595,0.0022720012559224595,4,842,1.9883658402063294e-10,8.983369603754454e-13,1.7397844276345609e-10,0.4677845462892282,0.5121169541129035,2.556230684481889e-06
single,39120.0,0.95,0.31622776601683794,0.0,0.0,1,3,9.847452466842757e-12,-9.847448377564572e-12,-7.275957614183426e-12,0.0,0.0,8.083466507935455e-06
pair,39120.0,0.95,0.31622776601683794,0.0,0.0,2,10,4.8584257850627765e-12,3.928773972816657e-12,-2.155609024612204e-12,0.9998329245492092,0.0,8.08346650824507e-06
path3,39120.0,0.95,0.31622776601683794,0.028299129728830787,0.008948970574368845,3,94,1.329998504625854e-11,-3.5140085286045064e-12,-1.301889152038882e-12,0.031710470070795686,0.6378721879293184,8.083466508197846e-06
triangle,39120.0,0.95,0.31622776601683794,0.028340949901490765,0.008962195274143547,3,127,6.059913612741233e-11,-4.90446572243286e-12,-5.726163987418431e-11,0.05500588545932694,0.6388148291079088,8.08346650818718e-06
path4,39120.0,0.95,0.31622776601683794,0.02074790705111164,0.006561064296298033,4,679,4.322674588324864e-11,-3.715916463420399e-13,2.6864122038006144e-11,0.2301709280631843,0.46766501275173966,8.083466508187178e-06
star4,39120.0,0.95,0.31622776601683794,0.021145794260232935,0.006686887279565136,4,740,9.392460398251063e-11,2.448666269749822e-13,-9.280225893304461e-11,0.08124815594898586,0.4766335282879513,8.08346650818718e-06
square,39120.0,0.95,0.31622776601683794,0.022239055074639105,0.007032606704578547,4,842,8.094494344148523e-11,1.4131404380002266e-12,-3.656381447614265e-11,0.47908982669101513,0.5012760057895248,8.08346650818718e-06
single,39120.0,0.95,1.0,0.0,0.0,1,3,5.327290691914399e-12,5.327290691914399e-12,0.0,0.0,0.0,2.5561718770106268e-05
pair,39120.0,0.95,1.0,0.0,0.0,2,10,7.29690832684177e-12,4.153566379727636e-12,7.887024366937112e-13,0.9996335381662654,0.0,2.5561718770032467e-05
path3,39120.0,0.95,1.0,0.02824747377738884,0.02824747377738884,3,94,2.3947959500418185e-11,-2.9753907671015156e-11,1.0359116342506525e-11,0.03474489305118436,0.6367078448845489,2.5561718769778652e-05
triangle,39120.0,0.95,1.0,0.02831020449115107,0.02831020449115107,3,127,3.098515946348187e-11,-9.173772852477668e-13,-2.929556597308647e-11,0.05565211017520326,0.6381218169024157,2.5561718769970092e-05
path4,39120.0,0.95,1.0,0.019748259191841852,0.019748259191841852,4,679,2.1189367748201763e-11,-2.0078383400345956e-13,2.2457646853268898e-11,0.2748417062333911,0.4451326036902506,2.5561718769970095e-05
star4,39120.0,0.95,1.0,0.02036781310788098,0.02036781310788098,4,740,1.1580026497881259e-10,-1.1562972801471005e-13,9.646622389780646e-11,0.13164106642115253,0.4590975635935366,2.5561718769970092e-05
square,39120.0,0.95,1.0,0.021400641354712868,0.021400641354712868,4,842,6.681998922812594e-11,1.84519066692701e-12,6.469624835858667e-11,0.49866213821765043,0.4823778700859452,2.5561718769970092e-05
single,39120.0,0.95,3.1622776601683795,0.0,0.0,1,3,8.44870079876037e-12,-2.393155118518564e-12,7.275957614183426e-12,0.0,0.0,8.082878469084509e-05
pair,39120.0,0.95,3.1622776601683795,0.0,0.0,2,10,5.479218498624876e-12,-3.022027073029676e-13,-7.339906460401835e-12,0.9990034844227775,0.0,8.082878469092066e-05
path3,39120.0,0.95,3.1622776601683795,0.028199001328663653,0.08917307194069152,3,94,1.638670051395132e-11,-2.3147317396166045e-11,1.2834566742725428e-11,0.03687355075424297,0.6356152590952564,8.082878469074816e-05
triangle,39120.0,0.95,3.1622776601683795,0.028273753053135127,0.08940945764904673,3,127,3.9214994704358916e-11,1.3462564396604648e-12,1.926481196790064e-11,0.0562748280724786,0.637300188860819,8.082878469090624e-05
path4,39120.0,0.95,3.1622776601683795,0.01891540672188321,0.05981576810961007,4,679,6.615145444226753e-11,-3.855249453010856e-14,8.767395143216561e-11,0.3116615178019309,0.42635982048739046,8.082878469090627e-05
star4,39120.0,0.95,3.1622776601683795,0.01984455697990975,0.06275399921350709,4,740,1.2479900378603533e-11,7.008282842946301e-13,-7.992662087730196e-12,0.16508627390595337,0.4473031891942844,8.082878469090627e-05
square,39120.0,0.95,3.1622776601683795,0.020555131620615844,0.06500103352569414,4,842,1.91894561684796e-10,-1.9828583219805296e-13,-1.9158830077969924e-10,0.5179991865184297,0.4633197877644074,8.082878469090624e-05
single,39120.0,0.95,10.0,0.0,0.0,1,3,9.945282693239977e-12,6.55586696041155e-14,-7.275957614183426e-12,0.0,0.0,0.0002555583950932805
pair,39120.0,0.95,10.0,0.0,0.0,2,10,1.951901854434514e-12,3.241851231905457e-13,-1.9753088054130785e-12,0.9970156818447976,0.0,0.00025555839509327344
path3,39120.0,0.95,10.0,0.028128996612094864,0.28128996612094864,3,94,1.7715339062548334e-11,1.839350893817482e-11,3.546718474467525e-12,0.038196961747958606,0.6340373285307478,0.00025555839509334375
triangle,39120.0,0.95,10.0,0.028219068724025815,0.28219068724025814,3,127,4.676946447272531e-11,4.497735517361434e-12,3.9751313352098805e-11,0.0568284999145423,0.6360675851381645,0.00025555839509327875
path4,39120.0,0.95,10.0,0.018475599772693772,0.18475599772693774,4,679,1.245363725469213e-10,6.039613253960852e-14,-1.361941670552369e-10,0.32969722924754247,0.41644641948775046,0.00025555839509327875
star4,39120.0,0.95,10.0,0.019592714693689162,0.19592714693689162,4,740,1.4176344242579258e-10,2.708944180085382e-14,1.1427170321098856e-10,0.1796588472046163,0.4416265768157076,0.0002555583950932788
square,39120.0,0.95,10.0,0.0200481311594882,0.200481311594882,4,842,1.219775829250539e-10,-4.50195436485501e-13,1.2193368537083416e-10,0.5282432125438281,0.45189182172744013,0.00025555839509327875
single,39120.0,0.95,31.622776601683793,0.0,0.0,1,3,1.1658634071209596e-11,3.5408342924370118e-12,-7.275957614183426e-12,0.0,0.0,0.0008077002780223497
pair,39120.0,0.95,31.622776601683793,0.0,0.0,2,10,4.4341802457976896e-12,2.9594104944408173e-12,4.092726157978177e-12,0.9907753662993889,0.0,0.0008077002780222965
path3,39120.0,0.95,31.622776601683793,0.027945974814700698,0.8837293184815618,3,94,1.8617578097772842e-11,-9.36672961415752e-12,-1.3743672866439738e-11,0.03994342193650067,0.6299119538126164,0.0008077002780222054
triangle,39120.0,0.95,31.622776601683793,0.028079518393150253,0.8879523372294615,3,127,4.1246964893426275e-11,-2.0596857552845904e-12,-4.0023984126946743e-11,0.05780865782922887,0.6329220723351594,0.000807700278022259
path4,39120.0,0.95,31.622776601683793,0.018233386382291623,0.5765903042593914,4,679,1.1200000511288371e-10,-1.0302869668521453e-12,1.2138556826357672e-10,0.3352461217830874,0.41098684575666833,0.000807700278022259
star4,39120.0,0.95,31.622776601683793,0.019426662469545407,0.6143250073907491,4,740,1.3085812618727092e-10,-6.208367153703875e-13,1.575033437006823e-10,0.18478687956420384,0.4378837021570573,0.000807700278022259
square,39120.0,0.95,31.622776601683793,0.019776717532491474,0.625394720444581,4,842,1.2009831879745593e-10,-3.930189507173054e-13,1.2066925236808856e-10,0.5294191929084383,0.44577406454750956,0.0008077002780222588
single,39120.0,0.95,100.0,0.0,0.0,1,3,3.747571697410024e-12,3.743227949826178e-12,7.275957614183426e-12,0.0,0.0,0.0025497195308517018
pair,39120.0,0.95,100.0,0.0,0.0,2,10,5.9301501087612694e-12,9.64917035162216e-12,7.617018127348274e-12,0.9714874902542925,0.0,0.0025497195308517235
path3,39120.0,0.95,100.0,0.02739046878431918,2.739046878431918,3,94,1.4901010943846967e-11,-2.362376960718393e-11,-1.6688872506165353e-11,0.04449091174818865,0.6173906554405694,0.002549719530851453
triangle,39120.0,0.95,100.0,0.02765658606918264,2.765658606918264,3,127,7.756907958684501e-12,3.9399594697897555e-12,-1.9539925233402755e-13,0.06057363257099732,0.623389031233941,0.0025497195308516064
path4,39120.0,0.95,100.0,0.017910532399475383,1.7910532399475383,4,679,8.946649662440515e-11,-1.3233858453531866e-13,-7.415668079602256e-11,0.3332016361639924,0.40370960513577814,0.0025497195308516055
star4,39120.0,0.95,100.0,0.019130972277902215,1.9130972277902214,4,740,3.158821328823715e-11,9.50350909079134e-13,4.0456527017340704e-11,0.1863033608409536,0.43121874279971883,0.0025497195308516055
square,39120.0,0.95,100.0,0.01947066927526133,1.9470669275261332,4,842,4.790552327221893e-11,-2.3145929617385264e-12,-1.3853806990482553e-11,0.5205318197983198,0.43887563080343484,0.0025497195308516055
single,39120.0,0.95,316.22776601683796,0.0,0.0,1,3,6.463783950574465e-12,-3.3377745012330706e-12,7.275957614183426e-12,0.0,0.0,0.008018712334584288
pair,39120.0,0.95,316.22776601683796,0.0,0.0,2,10,6.1245098454089e-12,-9.094947017729282e-12,-7.275957614183426e-12,0.9146304683634077,0.0,0.008018712334584267
path3,39120.0,0.95,316.22776601683796,0.025732058301398478,8.137191311666271,3,94,7.636227877349174e-12,1.4125589586910792e-11,2.9842794901924208e-12,0.057585156017921246,0.5800095086225692,0.008018712334584467
triangle,39120.0,0.95,316.22776601683796,0.026377506845455045,8.341300062832099,3,127,2.5480593620238753e-11,9.947598300641403e-13,-1.9753088054130785e-11,0.06885017258512371,0.5945581424121609,0.008018712334584377
path4,39120.0,0.95,316.22776601683796,0.017073051512691194,5.398972938948733,4,679,3.344795079230226e-11,-1.2292389328649733e-12,5.399414249041001e-11,0.3211508963277037,0.3848324958142078,0.008018712334584375
star4,39120.0,0.95,316.22776601683796,0.01830379068452368,5.788166837806733,4,740,2.8609117704130287e-11,9.237055564881302e-14,4.9318771289108554e-11,0.1861435510801533,0.4125737831195575,0.008018712334584375
square,39120.0,0.95,316.22776601683796,0.018720206144602257,5.919848968482255,4,842,5.875274616446624e-11,3.552713678800501e-15,5.622169396701793e-11,0.49055661415204244,0.42195993185099656,0.008018712334584375
single,39120.0,0.95,1000.0,0.0,0.0,1,3,4.1247838478142285e-12,4.0820680169417756e-12,7.275957614183426e-12,0.0,0.0,0.024925224327019047
pair,39120.0,0.95,1000.0,0.0,0.0,2,10,7.437886461250653e-12,-7.901235221652314e-12,-2.7284841053187847e-12,0.7680862426258105,0.0,0.024925224327018845
path3,39120.0,0.95,1000.0,0.021295398972323947,21.295398972323948,3,94,3.265662507969671e-11,-2.5501378786429996e-11,-7.084111075528199e-12,0.09026112998093658,0.4800056703271159,0.024925224327018707
triangle,39120.0,0.95,1000.0,0.022815696656502894,22.815696656502894,3,127,1.4716408665683827e-11,-2.8421709430404007e-13,3.808509063674137e-12,0.09137770586115664,0.5142737068142228,0.024925224327018942
path4,39120.0,0.95,1000.0,0.014785130034704691,14.785130034704691,4,679,4.2071746015594063e-11,-1.2100542789994506e-11,-3.722533392647165e-11,0.28906599148590095,0.3332619530822328,0.024925224327018942
star4,39120.0,0.95,1000.0,0.016008843990689144,16.008843990689144,4,740,1.2241742399203628e-10,-4.206412995699793e-12,-1.2880718713859096e-10,0.18316157478476627,0.36084488958858146,0.024925224327018936
square,39120.0,0.95,1000.0,0.01664803360559834,16.64803360559834,4,842,2.3521873656469545e-11,-5.8406612879480235e-12,-1.3343992577574681e-11,0.4147664110165584,0.37525244494687104,0.02492522432701894
single,39120.0,0.95,3162.2776601683795,0.0,0.0,1,3,6.136351425406314e-12,1.4992451724538114e-12,-7.275957614183426e-12,0.0,0.0,0.07478967158733207
pair,39120.0,0.95,3162.2776601683795,0.0,0.0,2,10,7.89149282306986e-12,-5.9117155615240335e-12,-1.0913936421275139e-11,0.4936693484269777,0.0,0.07478967158733196
path3,39120.0,0.95,3162.2776601683795,0.012525309031596253,39.608504937322074,3,94,4.031995187093917e-11,6.940581442904659e-11,5.985612006043084e-11,0.13825493628715343,0.28232480478901834,0.0747896715873325
triangle,39120.0,0.95,3162.2776601683795,0.015008126389010818,47.45986280095244,3,127,4.761635140347016e-11,8.810729923425242e-12,-3.8255620893323794e-11,0.13289472641958272,0.338288368162236,0.07478967158733205
path4,39120.0,0.95,3162.2776601683795,0.009785607160716121,30.944806915516317,4,679,8.223003326763556e-11,-5.420019988378044e-11,2.5494273359072395e-11,0.22826378724134896,0.22057097548827065,0.07478967158733202
star4,39120.0,0.95,3162.2776601683795,0.010890020044463577,34.43726710539303,4,740,2.3294571955722693e-11,-5.127276381244883e-11,-4.439471013029106e-11,0.16829386328675466,0.24546482449622178,0.07478967158733205
square,39120.0,0.95,3162.2776601683795,0.011860758586512213,37.507011910777855,4,842,7.446261664566458e-11,2.2993162929196842e-11,-9.796963240660261e-11,0.2839143815374536,0.26734560753268655,0.07478967158733205
single,39120.0,0.95,10000.0,0.0,0.0,1,3,1.3056546211962962e-11,4.348521542851813e-12,-7.275957614183426e-12,0.0,0.0,0.2035830618892509
pair,39120.0,0.95,10000.0,0.0,0.0,2,10,1.356543320020737e-11,-9.094947017729282e-13,7.275957614183426e-12,0.19983679667926896,0.0,0.2035830618892508
path3,39120.0,0.95,10000.0,0.0035568124563719193,35.568124563719195,3,94,2.207833225441819e-11,-5.6985527407960035e-12,-1.0246026249660645e-11,0.12638512164200078,0.08017178497418535,0.20358306188925082
triangle,39120.0,0.95,10000.0,0.005230948636580848,52.30948636580848,3,127,2.038172018941349e-11,4.831690603168681e-12,-5.701394911739044e-11,0.13771753040944368,0.11790739445698709,0.20358306188925077
path4,39120.0,0.95,10000.0,0.003475766221189899,34.75766221189899,4,679,3.6264888263670654e-11,2.3931079340400174e-11,7.560174708487466e-12,0.14111467959322246,0.07834497475585632,0.20358306188925085
star4,39120.0,0.95,10000.0,0.004110897371731197,41.10897371731197,4,740,3.231740051678408e-11,3.5981884138891473e-11,-3.086597644141875e-11,0.11835748937613469,0.09266105092129583,0.2035830618892508
square,39120.0,0.95,10000.0,0.004918726528026096,49.18726528026096,4,842,3.433452592536923e-11,1.944044925039634e-11,-7.51469997339882e-11,0.15415081720260038,0.11086979996521182,0.20358306188925085
single,39120.0,1.45,0.01,0.0,0.0,1,3,9.897936607319336e-12,-7.220652596890212e-12,-7.275957614183426e-12,0.0,0.0,2.5562365635334316e-07
pair,39120.0,1.45,0.01,0.0,0.0,2,10,4.8756956902644e-12,4.715608979688479e-12,9.015455049166121e-12,0.9999222425954724,0.0,2.55623656605941e-07
path3,39120.0,1.45,0.01,27.864343310933464,0.27864343310933465,3,94,1.2881888276562892e-11,-2.187083847360327e-11,8.1512574467979e-12,0.481021711243129,0.26038018568093946,2.556236563527155e-07
triangle,39120.0,1.45,0.01,32.66141426781762,0.32661414267817623,3,127,4.075403574653503e-11,9.517941990111467e-13,-4.165767730768266e-11,0.6932637751847014,0.30520673017408473,2.5562365653792017e-07
path4,39120.0,1.45,0.01,28.042835921557113,0.28042835921557113,4,679,1.0786999480134781e-10,1.6748824549495112e-12,1.1035639069234549e-10,0.5388997870238305,0.2620481216046967,2.556236565379201e-07
star4,39120.0,1.45,0.01,35.56133371238896,0.3556133371238896,4,740,1.8862709636183494e-10,-8.535394613318203e-13,2.112090502492947e-10,0.2656685599963449,0.33230521784723066,2.556236565379201e-07
square,39120.0,1.45,0.01,44.277106107301854,0.44277106107301856,4,842,2.527591449803089e-10,2.3936408410918375e-12,2.501061580062469e-10,0.4069253491817554,0.41375032525646194,2.5562365653792017e-07
single,39120.0,1.45,0.03162277660168379,0.0,0.0,1,3,5.1063402894869856e-12,-3.989425001287017e-12,0.0,0.0,0.0,8.083525315782936e-07
pair,39120.0,1.45,0.03162277660168379,0.0,0.0,2,10,5.074596730463234e-12,7.797606310644412e-12,2.831068712794149e-12,0.9999159353764526,0.0,8.083525317895269e-07
path3,39120.0,1.45,0.03162277660168379,19.18504372491745,0.6066843518066,3,94,9.950477955347714e-12,-2.2031265700661606e-11,-4.8832049515112885e-12,0.6435006145019662,0.17927590080793693,8.083525315077931e-07
triangle,39120.0,1.45,0.03162277660168379,27.575600751456495,0.8720170622205324,3,127,3.4356269334519475e-11,9.14823772291129e-13,3.341993348726646e-11,0.7408959893874401,0.2576820118370736,8.083525316802728e-07
path4,39120.0,1.45,0.03162277660168379,21.10439907112726,0.6673796971390403,4,679,1.0086680026865193e-11,-3.4372504842394846e-13,-2.7289281945286348e-12,0.655620127731299,0.19721144283311776,8.083525316802723e-07
star4,39120.0,1.45,0.03162277660168379,29.59635150750828,0.9359188119468417,4,740,1.3409230066475627e-11,-6.588063428125679e-12,-2.8565150245185578e-11,0.38357676266386376,0.27656505001150977,8.083525316802724e-07
square,39120.0,1.45,0.03162277660168379,33.263272988721674,1.0518770507631683,4,842,4.374086745575807e-11,-8.917311333789257e-13,-4.836131495267182e-12,0.5822132641586144,0.31083083851084997,8.083525316802724e-07
single,39120.0,1.45,0.1,0.0,0.0,1,3,3.4253126062291134e-12,3.425318188809978e-12,0.0,0.0,0.0,2.5562306845694494e-06
pair,39120.0,1.45,0.1,0.0,0.0,2,10,5.877683334734666e-12,3.0864547029274547e-12,9.523049016024743e-12,0.9998959906605176,0.0,2.5562306845148348e-06
path3,39120.0,1.45,0.1,10.443200991102685,1.0443200991102686,3,94,2.077343328066859e-11,3.2313707265529956e-11,8.332889933626575e-12,0.8071106680809835,0.09758717736350153,2.5562306847865668e-06
triangle,39120.0,1.45,0.1,19.099276161496473,1.9099276161496472,3,127,1.8504630953544682e-11,-6.403766406037903e-13,-1.0892620139202336e-11,0.8202529364400546,0.1784744401502621,2.55623068448189e-06
path4,39120.0,1.45,0.1,12.54331734967303,1.254331734967303,4,679,5.5909869332898275e-11,6.128431095930864e-13,-5.7275073572782276e-11,0.7971681511354282,0.11721185257032148,2.556230684481889e-06
star4,39120.0,1.45,0.1,21.4478889979949,2.14478889979949,4,740,1.8080932838663453e-10,-5.050182494414912e-12,1.5485568383155623e-10,0.5489593776527504,0.20042120702845367,2.5562306844818894e-06
square,39120.0,1.45,0.1,20.230554528354816,2.023055452835482,4,842,2.2574840873997048e-10,2.7124968937641825e-12,2.2167689905927546e-10,0.7691181496979698,0.1890457451292059,2.556230684481889e-06
single,39120.0,1.45,0.31622776601683794,0.0,0.0,1,3,9.847452466842757e-12,-9.847448377564572e-12,-7.275957614183426e-12,0.0,0.0,8.083466507935455e-06
pair,39120.0,1.45,0.31622776601683794,0.0,0.0,2,10,4.8584257850627765e-12,3.928773972816657e-12,-2.155609024612204e-12,0.9998329245492092,0.0,8.08346650824507e-06
path3,39120.0,1.45,0.31622776601683794,5.388013091912706,1.7038393433250307,3,94,5.494619406180615e-11,-4.476596870972571e-11,-5.660361068748898e-12,0.9015718638781182,0.05034864211498578,8.083466507830786e-06
triangle,39120.0,1.45,0.31622776601683794,11.060058097427657,3.497497464165987,3,127,4.8687798243864326e-11,-3.623767952376511e-13,4.9041659622162115e-11,0.8953782439477039,0.10335143909524686,8.083466508187176e-06
path4,39120.0,1.45,0.31622776601683794,6.441506970763087,2.0369833591463,4,679,3.949241176876289e-11,-9.183764859699295e-13,2.5655921831457817e-11,0.8964775356769911,0.060193084837138186,8.083466508187176e-06
star4,39120.0,1.45,0.31622776601683794,13.844477018044563,4.378008039087686,4,740,1.7694652811982337e-10,1.936228954946273e-12,1.8475176943866245e-10,0.7073838878514531,0.12937062452102427,8.083466508187176e-06
square,39120.0,1.45,0.31622776601683794,10.547470907508398,3.335403162208971,4,842,1.0846242880484082e-10,-2.5224267119483557e-13,1.0972911468343227e-10,0.8885694156001817,0.09856153444252741,8.083466508187176e-06
single,39120.0,1.45,1.0,0.0,0.0,1,3,5.327290691914399e-12,5.327290691914399e-12,0.0,0.0,0.0,2.5561718770106268e-05
pair,39120.0,1.45,1.0,0.0,0.0,2,10,7.29690832684177e-12,4.153566379727636e-12,7.887024366937112e-13,0.9996335381662654,0.0,2.5561718770032467e-05
path3,39120.0,1.45,1.0,3.3409287995513064,3.3409287995513064,3,94,1.3841473576095099e-11,2.8610003255380434e-11,2.602362769721367e-12,0.939316697123059,0.03121952853151142,2.5561718770172865e-05
triangle,39120.0,1.45,1.0,6.62036604277898,6.62036604277898,3,127,1.9920777068191145e-11,-3.375077994860476e-13,2.028244239227206e-11,0.936347495817445,0.06186444518022411,2.5561718769970092e-05
path4,39120.0,1.45,1.0,3.624500933188312,3.624500933188312,4,679,1.526370741564512e-11,-2.877698079828406e-13,-5.4996007747831754e-12,0.9415521657832789,0.03386938695499875,2.5561718769970085e-05
star4,39120.0,1.45,1.0,9.153375722094907,9.153375722094907,4,740,1.1295890692748234e-10,1.1368683772161603e-12,-1.0510348147363402e-10,0.8057058990389547,0.08553432044561388,2.5561718769970085e-05
square,39120.0,1.45,1.0,5.667978558434376,5.667978558434376,4,842,3.478852518529288e-11,7.851497230149107e-13,2.6112445539183682e-11,0.9416431223337083,0.052964797798983984,2.5561718769970085e-05
single,39120.0,1.45,3.1622776601683795,0.0,0.0,1,3,8.44870079876037e-12,-2.393155118518564e-12,7.275957614183426e-12,0.0,0.0,8.082878469084509e-05
pair,39120.0,1.45,3.1622776601683795,0.0,0.0,2,10,5.479218498624876e-12,-3.022027073029676e-13,-7.339906460401835e-12,0.9990034844227775,0.0,8.082878469092066e-05
path3,39120.0,1.45,3.1622776601683795,2.6301557666190325,8.317282823542405,3,94,1.78859044516982e-11,4.270361841918202e-12,-1.6825651982799172e-11,0.9507904690888928,0.02457766325714187,8.082878469095693e-05
triangle,39120.0,1.45,3.1622776601683795,4.856527715817575,15.357689101718487,3,127,8.266002244845681e-12,7.105427357601002e-13,-1.5916157281026244e-12,0.9508913619258041,0.045382142120253155,8.082878469090627e-05
path4,39120.0,1.45,3.1622776601683795,2.59252062032977,8.198270041194702,4,679,4.405058628296968e-11,-4.618527782440651e-13,1.7912782368512126e-11,0.9566521723270608,0.02422597916163565,8.082878469090625e-05
star4,39120.0,1.45,3.1622776601683795,7.104122928071119,22.465209230529275,4,740,8.141025548816561e-11,9.663381206337363e-13,-8.15418843558291e-11,0.845790183488168,0.06638494315826515,8.082878469090627e-05
square,39120.0,1.45,3.1622776601683795,3.7759073484661734,11.940467454920201,4,842,6.6172084475577e-11,-7.105427357601002e-13,6.722444823026308e-11,0.9597446961964669,0.035284214143950096,8.082878469090625e-05
single,39120.0,1.45,10.0,0.0,0.0,1,3,9.945282693239977e-12,6.55586696041155e-14,-7.275957614183426e-12,0.0,0.0,0.0002555583950932805
pair,39120.0,1.45,10.0,0.0,0.0,2,10,1.951901854434514e-12,3.241851231905457e-13,-1.9753088054130785e-12,0.9970156818447976,0.0,0.00025555839509327344
path3,39120.0,1.45,10.0,2.3833158605457703,23.8331586054577,3,94,4.393287242523652e-11,6.180300715641351e-11,9.762857189343777e-12,0.9496655201988513,0.02227105154725753,0.0002555583950938086
triangle,39120.0,1.45,10.0,4.224723363286234,42.24723363286234,3,127,3.042574135826136e-11,-2.5295321393059567e-12,-2.6929569685307797e-11,0.9506043083668336,0.03947820486372284,0.00025555839509327886
path4,39120.0,1.45,10.0,2.237379195913509,22.37379195913509,4,679,8.3783289828259e-12,-3.836930773104541e-13,7.673861546209082e-12,0.9575401732489481,0.020907336802620184,0.00025555839509327886
star4,39120.0,1.45,10.0,6.294066050937637,62.94066050937637,4,740,1.2231590189372215e-10,3.410605131648481e-13,-1.1829115464934148e-10,0.8518621252450095,0.05881531348158342,0.0002555583950932788
square,39120.0,1.45,10.0,3.116320443468278,31.16320443468278,4,842,1.4229101402724894e-10,8.952838470577262e-13,1.3567102996603353e-10,0.9616991727052648,0.02912066100170358,0.00025555839509327875
single,39120.0,1.45,31.622776601683793,0.0,0.0,1,3,1.1658634071209596e-11,3.5408342924370118e-12,-7.275957614183426e-12,0.0,0.0,0.0008077002780223497
pair,39120.0,1.45,31.622776601683793,0.0,0.0,2,10,4.4341802457976896e-12,2.9594104944408173e-12,4.092726157978177e-12,0.9907753662993889,0.0,0.0008077002780222965
path3,39120.0,1.45,31.622776601683793,2.2565854879797813,71.35949876898623,3,94,1.0432565382154653e-10,6.792788553866558e-11,-2.3703705664956942e-11,0.9343706466864157,0.021086811259985246,0.0008077002780228767
triangle,39120.0,1.45,31.622776601683793,3.9303014396095115,124.28704440204778,3,127,1.7705075056523293e-11,-6.821210263296962e-13,1.8133050616597757e-11,0.9343421183696752,0.03672695986616973,0.0008077002780222592
path4,39120.0,1.45,31.622776601683793,2.084454793210339,65.91624826199954,4,679,4.73003096378749e-11,-1.0800249583553523e-12,-4.405364961712621e-11,0.945089866800441,0.019478324680537965,0.0008077002780222588
star4,39120.0,1.45,31.622776601683793,5.782071496942667,182.84515524278135,4,740,1.0638278001558479e-11,-1.5916157281026244e-12,-1.1141310096718371e-11,0.8293252128730462,0.05403094675421734,0.0008077002780222588
square,39120.0,1.45,31.622776601683793,2.8527031789054975,90.21039533744174,4,842,1.0350107275603142e-10,-1.4779288903810084e-12,1.0271605788148008e-10,0.9497333125794633,0.026657272163881716,0.0008077002780222587
single,39120.0,1.45,100.0,0.0,0.0,1,3,3.747571697410024e-12,3.743227949826178e-12,7.275957614183426e-12,0.0,0.0,0.0025497195308517018
pair,39120.0,1.45,100.0,0.0,0.0,2,10,5.9301501087612694e-12,9.64917035162216e-12,7.617018127348274e-12,0.9714874902542925,0.0,0.0025497195308517235
path3,39120.0,1.45,100.0,2.0783092880132887,207.8309288013289,3,94,5.7265302764509056e-11,5.843503458891064e-11,5.229594535194337e-12,0.8864274919382603,0.01942089760370353,0.0025497195308520878
triangle,39120.0,1.45,100.0,3.5808931416240086,358.08931416240085,3,127,2.3834780152161654e-12,-3.183231456205249e-12,-3.183231456205249e-12,0.8829363621641765,0.033461891083488834,0.002549719530851606
path4,39120.0,1.45,100.0,1.9227839233635309,192.27839233635308,4,679,4.927071383918402e-11,3.410605131648481e-13,-4.75210981676355e-11,0.9039266677903306,0.01796758062193393,0.002549719530851606
star4,39120.0,1.45,100.0,4.974788732006295,497.4788732006295,4,740,2.0208139557419562e-11,0.0,-1.9326762412674725e-11,0.7576970446367124,0.046487239951044486,0.0025497195308516064
square,39120.0,1.45,100.0,2.6228355886165833,262.2835588616583,4,842,1.1421024976897757e-10,2.2737367544323206e-13,-1.1732481652870774e-10,0.9091276496979782,0.024509259373310423,0.0025497195308516055
single,39120.0,1.45,316.22776601683796,0.0,0.0,1,3,6.463783950574465e-12,-3.3377745012330706e-12,7.275957614183426e-12,0.0,0.0,0.008018712334584288
pair,39120.0,1.45,316.22776601683796,0.0,0.0,2,10,6.1245098454089e-12,-9.094947017729282e-12,-7.275957614183426e-12,0.9146304683634077,0.0,0.008018712334584267
path3,39120.0,1.45,316.22776601683796,1.6889468895241315,534.0919017953033,3,94,1.066816675548396e-11,4.092726157978177e-12,1.1368683772161603e-11,0.7665990816651953,0.015782475105472697,0.008018712334584403
triangle,39120.0,1.45,316.22776601683796,2.8688674999823913,907.2155605177426,3,127,1.4780334888374354e-11,9.094947017729282e-13,-2.091837814077735e-11,0.7573943578230141,0.026808320723533507,0.008018712334584375
path4,39120.0,1.45,316.22776601683796,1.5911890096023595,503.1781458170991,4,679,1.2805490836321871e-11,4.774847184307873e-12,1.0686562745831907e-11,0.7975151617578593,0.014868970177751382,0.008018712334584375
star4,39120.0,1.45,316.22776601683796,3.491310562409667,1104.0493396217992,4,740,3.953832127691051e-11,2.7284841053187847e-12,6.093614501878619e-11,0.6108214999934877,0.03262478079000973,0.008018712334584373
square,39120.0,1.45,316.22776601683796,2.1855302541021273,691.125349816928,4,842,7.042598549612349e-11,5.4569682106375694e-12,-4.501998773775995e-11,0.8038773878160438,0.020422830961449576,0.008018712334584371
single,39120.0,1.45,1000.0,0.0,0.0,1,3,4.1247838478142285e-12,4.0820680169417756e-12,7.275957614183426e-12,0.0,0.0,0.024925224327019047
pair,39120.0,1.45,1000.0,0.0,0.0,2,10,7.437886461250653e-12,-7.901235221652314e-12,-2.7284841053187847e-12,0.7680862426258105,0.0,0.024925224327018845
path3,39120.0,1.45,1000.0,1.0318335906477758,1031.8335906477757,3,94,8.218445170061426e-11,8.549250196665525e-11,1.4551915228366852e-11,0.5559931827988325,0.0096420367380399,0.024925224327019716
triangle,39120.0,1.45,1000.0,1.724666967554713,1724.666967554713,3,127,1.2749419197609046e-11,-6.366462912410498e-12,-3.001332515850663e-11,0.5473310815105673,0.01611626372001389,0.024925224327018946
path4,39120.0,1.45,1000.0,1.0096813787954049,1009.681378795405,4,679,7.981421153522863e-11,-9.549694368615746e-12,5.3660187404602766e-11,0.598138961678721,0.009435033939871385,0.02492522432701894
star4,39120.0,1.45,1000.0,1.7327063244055203,1732.7063244055203,4,740,4.43229106616868e-11,-1.546140993013978e-11,0.0,0.4257016635324447,0.01619138801797377,0.024925224327018942
square,39120.0,1.45,1000.0,1.415941208772001,1415.941208772001,4,842,5.913983681386771e-11,-2.637534635141492e-11,2.4556356947869062e-11,0.6065254587783597,0.013231355596126666,0.024925224327018936
single,39120.0,1.45,3162.2776601683795,0.0,0.0,1,3,6.136351425406314e-12,1.4992451724538114e-12,-7.275957614183426e-12,0.0,0.0,0.07478967158733207
pair,39120.0,1.45,3162.2776601683795,0.0,0.0,2,10,7.89149282306986e-12,-5.9117155615240335e-12,-1.0913936421275139e-11,0.4936693484269777,0.0,0.07478967158733196
path3,39120.0,1.45,3162.2776601683795,0.40033155056012615,1265.959518996855,3,94,4.023708462113631e-11,7.73070496506989e-12,-2.000888343900442e-11,0.3310082020231993,0.0037409244599940815,0.07478967158733218
triangle,39120.0,1.45,3162.2776601683795,0.6750615637464779,2134.7321022738192,3,127,2.0858334429001713e-11,1.546140993013978e-11,4.3655745685100555e-11,0.33680686709983737,0.006308157106994406,0.07478967158733205
path4,39120.0,1.45,3162.2776601683795,0.413292573636754,1306.9458727250021,4,679,8.262704156063887e-11,3.2741809263825417e-11,-8.36735125631094e-11,0.36354289391260197,0.0038620395911534563,0.07478967158733205
star4,39120.0,1.45,3162.2776601683795,0.578614865815062,1829.7408640082954,4,740,6.980105712492415e-11,4.274625098332763e-11,-1.8189894035458565e-12,0.27130163419864617,0.005406904605481045,0.07478967158733205
square,39120.0,1.45,3162.2776601683795,0.6039635940562343,1909.9005810390338,4,842,5.744430352911655e-11,1.1823431123048067e-11,2.091837814077735e-11,0.375214468288732,0.005643777460929431,0.07478967158733205
single,39120.0,1.45,10000.0,0.0,0.0,1,3,1.3056546211962962e-11,4.348521542851813e-12,-7.275957614183426e-12,0.0,0.0,0.2035830618892509
pair,39120.0,1.45,10000.0,0.0,0.0,2,10,1.356543320020737e-11,-9.094947017729282e-13,7.275957614183426e-12,0.19983679667926896,0.0,0.2035830618892508
path3,39120.0,1.45,10000.0,0.08336492708830506,833.6492708830507,3,94,1.6744844850821034e-11,5.4569682106375694e-12,-3.2741809263825417e-11,0.15952640152575776,0.0007790090349210065,0.20358306188925088
triangle,39120.0,1.45,10000.0,0.15096593918590667,1509.6593918590668,3,127,1.7462574353677146e-11,3.2741809263825417e-11,0.0,0.17903138449349074,0.0014107111311515406,0.20358306188925085
path4,39120.0,1.45,10000.0,0.0936679248352206,936.679248352206,4,679,8.325656143316728e-11,-5.002220859751105e-12,-1.0231815394945443e-10,0.17195261468196954,0.000875286073862508,0.20358306188925085
star4,39120.0,1.45,10000.0,0.12079073644881923,1207.9073644881923,4,740,3.262928310786958e-11,-1.546140993013978e-11,-4.547473508864641e-11,0.14294668030159624,0.0011287369678707841,0.20358306188925082
square,39120.0,1.45,10000.0,0.1471175157999832,1471.175157999832,4,842,8.732611860740531e-11,-6.639311322942376e-11,5.729816621169448e-11,0.18678075815286294,0.0013747492861343846,0.20358306188925082
